Date of flight,Origin,Destination,Flight number,Flight_times,Model,STD,ATD,STA,ATA
31 May 2020,LCA,IEV,PS2918,2:31,UR-GED,9:28 PM,6:55 PM,â€”,Landed 9:26 PM
28 May 2020,JFK,KBP,PS2612,8:55,UR-GED,11:45 PM,10:35 PM,8:35 AM,Landed 7:31 AM
28 May 2020,KBP,JFK,PS2611,9:52,UR-GED,6:43 PM,8:47 AM,6:09 PM,Landed 6:38 PM
27 May 2020,BUD,IEV,PS2644,1:18,UR-GED,11:15 PM,9:54 PM,â€”,Landed 11:12 PM
27 May 2020,KBP,BUD,PS2643,1:15,UR-GED,6:54 PM,5:34 PM,â€”,Landed 6:49 PM
25 May 2020,YYZ,KBP,PS2904,9:04,UR-GED,4:30 PM,4:07 PM,1:06 AM,Landed 1:11 AM
25 May 2020,KBP,YYZ,PS2903,9:40,UR-GED,12:17 PM,2:37 AM,â€”,Landed 12:17 PM
23 May 2020,CHR,KBP,PS2632,2:50,UR-GED,7:36 AM,4:44 AM,â€”,Landed 7:33 AM
23 May 2020,KBP,CHR,PS2631,3:08,UR-GED,12:27 AM,9:17 PM,â€”,Landed 12:25 AM
20 May 2020,YYZ,KBP,PS2902,9:33,UR-GED,7:20 PM,5:55 PM,3:28 AM,Landed 3:28 AM
20 May 2020,KBP,YYZ,PS2901,9:48,UR-GED,5:10 AM,5:37 AM,3:25 PM,Landed 3:25 PM
15 May 2020,JFK,KBP,PS1132,8:32,UR-GED,2:15 PM,4:48 PM,11:50 PM,Landed 1:20 AM
15 May 2020,KBP,JFK,PS1131,9:58,UR-GED,9:45 AM,11:47 PM,9:23 AM,Landed 9:45 AM
14 May 2020,YYZ,KBP,PS2902,9:09,UR-GED,5:00 AM,4:51 AM,2:24 PM,Landed 2:00 PM
14 May 2020,KBP,YYZ,PS2901,9:29,UR-GED,1:35 AM,4:02 PM,1:43 AM,Landed 1:31 AM
13 May 2020,KBP,YYZ,PS2901,9:40,UR-GED,8:11 PM,3:45 PM,â€”,Landed 1:25 AM
11 May 2020,WAW,IEV,PS2638,1:07,UR-GED,5:57 PM,4:47 PM,â€”,Landed 5:55 PM
11 May 2020,KBP,WAW,PS2637,1:11,UR-GED,12:17 PM,11:04 AM,â€”,Landed 12:14 PM
09 May 2020,YYZ,KBP,PS2902,9:01,UR-GED,2:10 PM,1:04 PM,12:20 AM,Landed 10:05 PM
09 May 2020,KBP,YYZ,PS2901,9:44,UR-GED,12:10 AM,12:45 AM,10:29 AM,Landed 10:29 AM
27 Apr 2020,KBP,BLQ,PS2613,2:15,UR-GED,8:12 PM,5:53 PM,â€”,Landed 8:08 PM
25 Apr 2020,KBP,LBG,PS2627,2:52,UR-GED,6:08 PM,3:13 PM,â€”,Landed 6:05 PM
23 Apr 2020,JFK,KBP,PS2612,8:40,UR-GED,5:45 PM,8:27 PM,5:03 AM,Landed 5:07 AM
23 Apr 2020,KBP,JFK,PS2611,9:51,UR-GED,6:39 AM,6:39 AM,4:33 PM,Landed 4:30 PM
17 Mar 2020,YYZ,KBP,PS242,8:57,UR-GED,3:15 AM,3:45 AM,12:55 PM,Landed 12:42 PM
16 Mar 2020,KBP,YYZ,PS241,10:30,UR-GED,9:20 AM,10:25 AM,8:00 PM,Landed 8:55 PM
16 Mar 2020,TLV,KBP,PS778,2:48,UR-GED,3:30 AM,3:43 AM,6:40 AM,Landed 6:32 AM
15 Mar 2020,KBP,TLV,PS777,2:44,UR-GED,5:30 PM,6:10 PM,8:40 PM,Landed 8:55 PM
15 Mar 2020,SSH,KBP,PS5202,-,UR-GED,9:30 AM,â€”,1:40 PM,Landed 2:55 PM
15 Mar 2020,KBP,SSH,PS5201,3:35,UR-GED,2:10 AM,4:25 AM,6:00 AM,Landed 8:00 AM
14 Mar 2020,DEL,KBP,PS392,7:17,UR-GED,6:00 PM,6:24 PM,2:10 AM,Landed 1:41 AM
13 Mar 2020,KBP,DEL,PS391,6:19,UR-GED,7:25 PM,7:55 PM,2:20 AM,Landed 2:14 AM
11 Mar 2020,DEL,KBP,PS392,7:23,UR-GED,6:00 PM,6:00 PM,2:10 AM,Landed 1:22 AM
10 Mar 2020,KBP,DEL,PS391,6:32,UR-GED,7:25 PM,7:38 PM,2:20 AM,Landed 2:10 AM
10 Mar 2020,YYZ,KBP,PS242,8:33,UR-GED,3:15 AM,3:23 AM,12:55 PM,Landed 11:56 AM
09 Mar 2020,KBP,YYZ,PS241,9:53,UR-GED,9:20 AM,9:39 AM,8:00 PM,Landed 7:33 PM
08 Mar 2020,BKK,KBP,PS272,10:29,UR-GED,3:40 PM,3:41 PM,3:00 AM,Landed 2:10 AM
07 Mar 2020,KBP,BKK,PS271,9:22,UR-GED,6:10 PM,6:16 PM,3:55 AM,Landed 3:38 AM
06 Mar 2020,DEL,KBP,PS392,7:36,UR-GED,6:00 PM,6:00 PM,2:10 AM,Landed 1:36 AM
05 Mar 2020,KBP,DEL,PS391,6:40,UR-GED,7:25 PM,7:48 PM,2:20 AM,Landed 2:28 AM
04 Mar 2020,DEL,KBP,PS392,7:21,UR-GED,6:00 PM,6:30 PM,2:10 AM,Landed 1:51 AM
03 Mar 2020,KBP,DEL,PS391,6:37,UR-GED,7:25 PM,7:29 PM,2:20 AM,Landed 2:06 AM
03 Mar 2020,YYZ,KBP,PS242,8:46,UR-GED,4:15 AM,4:29 AM,1:55 PM,Landed 1:14 PM
02 Mar 2020,KBP,YYZ,PS241,10:06,UR-GED,9:20 AM,9:43 AM,8:00 PM,Landed 7:49 PM
01 Mar 2020,YYZ,KBP,PS242,9:09,UR-GED,4:15 AM,4:32 AM,2:05 PM,Landed 1:42 PM
29 Feb 2020,KBP,YYZ,PS241,9:56,UR-GED,9:30 AM,9:49 AM,8:00 PM,Landed 7:45 PM
28 Feb 2020,DEL,KBP,PS392,7:01,UR-GED,6:00 PM,6:21 PM,2:10 AM,Landed 1:21 AM
27 Feb 2020,KBP,DEL,PS391,6:28,UR-GED,7:25 PM,7:37 PM,2:20 AM,Landed 2:05 AM
25 Feb 2020,DEL,KBP,PS392,7:42,UR-GED,6:00 PM,6:39 PM,2:10 AM,Landed 2:21 AM
24 Feb 2020,KBP,DEL,PS391,5:48,UR-GED,7:25 PM,7:40 PM,2:20 AM,Landed 1:28 AM
23 Feb 2020,YYZ,KBP,PS242,8:23,UR-GED,4:15 AM,4:26 AM,2:05 PM,Landed 12:49 PM
23 Feb 2020,YYZ,KBP,PS241,-,UR-GED,10:47 AM,4:27 AM,â€”,Unknown
22 Feb 2020,KBP,YYZ,PS241,10:25,UR-GED,9:30 AM,9:52 AM,8:00 PM,Landed 8:17 PM
21 Feb 2020,DEL,KBP,PS392,7:16,UR-GED,6:00 PM,6:23 PM,2:10 AM,Landed 1:39 AM
20 Feb 2020,KBP,DEL,PS391,6:26,UR-GED,7:25 PM,7:37 PM,2:20 AM,Landed 2:03 AM
19 Feb 2020,DEL,KBP,PS392,7:04,UR-GED,6:00 PM,6:22 PM,2:10 AM,Landed 1:26 AM
18 Feb 2020,KBP,DEL,PS391,6:33,UR-GED,7:25 PM,7:59 PM,2:20 AM,Landed 2:32 AM
15 Feb 2020,DEL,TBS,PS392,-,UR-GED,6:00 PM,1:14 AM,2:10 AM,Diverted to KBP
15 Feb 2020,KBP,DEL,PS391,6:09,UR-GED,7:25 PM,8:24 AM,2:20 AM,Landed 2:33 PM
14 Feb 2020,DEL,KBP,PS392,7:31,UR-GED,6:00 PM,6:24 PM,2:10 AM,Landed 1:54 AM
13 Feb 2020,KBP,DEL,PS391,5:57,UR-GED,7:25 PM,7:48 PM,2:20 AM,Landed 1:45 AM
12 Feb 2020,DEL,KBP,PS392,7:17,UR-GED,6:00 PM,6:30 PM,2:10 AM,Landed 1:47 AM
11 Feb 2020,KBP,DEL,PS391,6:10,UR-GED,7:25 PM,8:00 PM,2:20 AM,Landed 2:10 AM
09 Feb 2020,YYZ,KBP,PS242,8:37,UR-GED,4:15 AM,4:24 AM,2:05 PM,Landed 1:01 PM
08 Feb 2020,KBP,YYZ,PS241,9:53,UR-GED,9:55 AM,10:21 AM,8:45 PM,Landed 8:14 PM
07 Feb 2020,DEL,TBS,PS392,-,UR-GED,6:00 PM,6:24 PM,2:10 AM,Diverted to KBP
06 Feb 2020,KBP,DEL,PS391,6:06,UR-GED,7:25 PM,8:27 PM,2:20 AM,Landed 2:33 AM
03 Feb 2020,SYX,KBP,PS7878,13:47,UR-GED,9:35 PM,10:40 PM,10:50 AM,Landed 12:27 PM
03 Feb 2020,BKK,SYX,PS7877,1:28,UR-GED,3:55 PM,8:02 PM,6:00 PM,Landed 9:29 PM
03 Feb 2020,KBP,SYX,PS7877,10:33,UR-GED,6:50 AM,5:01 AM,2:55 PM,Landed 3:34 PM
02 Feb 2020,YYZ,KBP,PS242,8:39,UR-GED,4:15 AM,5:01 AM,2:05 PM,Landed 1:40 PM
01 Feb 2020,KBP,YYZ,PS241,10:15,UR-GED,9:55 AM,10:26 AM,8:45 PM,Landed 8:41 PM
30 Jan 2020,SYX,KBP,PS7878,13:00,UR-GED,8:00 PM,8:00 PM,8:50 AM,Landed 9:00 AM
30 Jan 2020,KBP,SYX,PS7877,9:44,UR-GED,6:50 AM,7:08 AM,6:00 PM,Landed 4:52 PM
29 Jan 2020,DEL,KBP,PS392,7:15,UR-GED,6:00 PM,6:20 PM,2:10 AM,Landed 1:35 AM
28 Jan 2020,KBP,DEL,PS391,6:27,UR-GED,7:25 PM,7:38 PM,2:20 AM,Landed 2:05 AM
28 Jan 2020,YYZ,KBP,PS242,8:56,UR-GED,4:15 AM,4:21 AM,1:15 PM,Landed 1:18 PM
27 Jan 2020,KBP,YYZ,PS241,9:42,UR-GED,9:55 AM,10:07 AM,8:00 PM,Landed 7:49 PM
26 Jan 2020,BKK,KBP,PS272,11:17,UR-GED,3:40 PM,4:02 PM,2:45 AM,Landed 3:19 AM
25 Jan 2020,KBP,BKK,PS271,8:53,UR-GED,6:30 PM,6:47 PM,3:55 AM,Landed 3:40 AM
23 Jan 2020,SYX,KBP,PS7878,15:38,UR-GED,8:00 PM,8:00 PM,8:50 AM,Landed 11:37 AM
23 Jan 2020,KBP,SYX,PS7877,9:15,UR-GED,6:50 AM,7:11 AM,6:00 PM,Landed 4:26 PM
22 Jan 2020,DEL,KBP,PS392,7:21,UR-GED,6:00 PM,6:33 PM,2:10 AM,Landed 1:54 AM
21 Jan 2020,KBP,DEL,PS391,6:24,UR-GED,7:25 PM,7:37 PM,2:20 AM,Landed 2:01 AM
20 Jan 2020,SYX,KBP,PS7878,13:32,UR-GED,9:35 PM,9:35 PM,10:25 AM,Landed 11:06 AM
20 Jan 2020,KBP,SYX,PS7877,10:09,UR-GED,6:50 AM,7:20 AM,6:00 PM,Landed 5:29 PM
19 Jan 2020,DEL,KBP,PS392,6:56,UR-GED,6:00 PM,6:33 PM,2:10 AM,Landed 1:29 AM
18 Jan 2020,KBP,DEL,PS391,6:21,UR-GED,7:25 PM,11:11 PM,2:20 AM,Landed 5:32 AM
17 Jan 2020,DEL,KBP,PS392,6:57,UR-GED,6:00 PM,6:34 PM,2:10 AM,Landed 1:31 AM
16 Jan 2020,KBP,DEL,PS391,6:23,UR-GED,7:25 PM,7:24 PM,2:20 AM,Landed 1:47 AM
15 Jan 2020,DEL,KBP,PS392,7:00,UR-GED,6:00 PM,6:21 PM,2:10 AM,Landed 1:22 AM
14 Jan 2020,KBP,DEL,PS391,6:27,UR-GED,7:25 PM,8:03 PM,2:20 AM,Landed 2:30 AM
14 Jan 2020,YYZ,KBP,PS242,8:29,UR-GED,4:15 AM,4:56 AM,1:15 PM,Landed 1:25 PM
13 Jan 2020,KBP,YYZ,PS241,10:48,UR-GED,9:55 AM,10:07 AM,8:00 PM,Landed 8:55 PM
12 Jan 2020,MXP,KBP,PS312,2:23,UR-GED,1:40 PM,2:03 PM,4:25 PM,Landed 4:26 PM
12 Jan 2020,KBP,MXP,PS311,2:16,UR-GED,8:40 AM,9:04 AM,11:30 AM,Landed 11:19 AM
11 Jan 2020,DEL,KBP,PS392,7:12,UR-GED,6:00 PM,6:15 PM,2:10 AM,Landed 1:27 AM
10 Jan 2020,KBP,DEL,PS391,6:05,UR-GED,7:25 PM,7:26 PM,2:20 AM,Landed 1:31 AM
09 Jan 2020,SYX,KBP,PS7878,14:09,UR-GED,8:00 PM,8:00 PM,8:50 AM,Landed 10:08 AM
09 Jan 2020,KBP,SYX,PS7877,10:56,UR-GED,6:50 AM,6:50 AM,6:00 PM,Landed 5:46 PM
08 Jan 2020,DEL,KBP,PS392,7:16,UR-GED,6:00 PM,6:26 PM,2:10 AM,Landed 1:42 AM
07 Jan 2020,KBP,DEL,PS391,5:59,UR-GED,7:25 PM,7:34 PM,2:20 AM,Landed 1:33 AM
07 Jan 2020,BKK,KBP,PS274,11:02,UR-GED,5:05 AM,5:22 AM,4:25 PM,Landed 4:24 PM
06 Jan 2020,KBP,BKK,PS271,9:14,UR-GED,5:25 PM,5:52 PM,2:55 AM,Landed 3:06 AM
05 Jan 2020,DEL,KBP,PS392,7:15,UR-GED,6:00 PM,6:25 PM,2:10 AM,Landed 1:39 AM
04 Jan 2020,KBP,DEL,PS391,6:04,UR-GED,7:25 PM,7:48 PM,2:20 AM,Landed 1:52 AM
04 Jan 2020,TLV,KBP,PS776,2:56,UR-GED,12:35 PM,1:09 PM,3:45 PM,Landed 4:05 PM
04 Jan 2020,KBP,TLV,PS775,2:46,UR-GED,7:55 AM,8:27 AM,11:05 AM,Landed 11:14 AM
04 Jan 2020,TLV,KBP,PS778,2:52,UR-GED,3:30 AM,3:59 AM,6:40 AM,Landed 6:51 AM
03 Jan 2020,KBP,TLV,PS777,2:43,UR-GED,5:30 PM,6:05 PM,8:40 PM,Landed 8:48 PM
02 Jan 2020,SYX,KBP,PS7878,12:47,UR-GED,8:00 PM,9:30 PM,8:50 AM,Landed 10:17 AM
02 Jan 2020,KBP,SYX,PS7877,9:37,UR-GED,6:50 AM,9:09 AM,6:00 PM,Landed 6:46 PM
30 Dec 2019,BKK,KBP,PS272,10:53,UR-GED,3:40 PM,3:58 PM,2:45 AM,Landed 2:51 AM
29 Dec 2019,KBP,BKK,PS271,9:20,UR-GED,6:30 PM,7:12 PM,3:55 AM,Landed 4:32 AM
28 Dec 2019,DEL,KBP,PS392,7:14,UR-GED,6:00 PM,6:27 PM,2:10 AM,Landed 1:41 AM
27 Dec 2019,KBP,DEL,PS391,6:25,UR-GED,7:25 PM,7:55 PM,2:20 AM,Landed 2:20 AM
25 Dec 2019,DEL,KBP,PS392,7:14,UR-GED,6:00 PM,6:41 PM,2:10 AM,Landed 1:55 AM
24 Dec 2019,KBP,DEL,PS391,6:17,UR-GED,7:25 PM,7:36 PM,2:20 AM,Landed 1:53 AM
23 Dec 2019,SYX,KBP,PS7878,13:29,UR-GED,8:00 PM,8:00 PM,8:50 AM,Landed 9:28 AM
23 Dec 2019,KBP,SYX,PS7877,10:00,UR-GED,6:50 AM,7:27 AM,6:00 PM,Landed 5:27 PM
21 Dec 2019,DEL,KBP,PS392,7:19,UR-GED,6:00 PM,6:22 PM,2:10 AM,Landed 1:41 AM
20 Dec 2019,KBP,DEL,PS391,6:16,UR-GED,7:25 PM,9:10 PM,2:20 AM,Landed 3:26 AM
19 Dec 2019,SYX,KBP,PS7878,13:12,UR-GED,8:00 PM,8:00 PM,8:50 AM,Landed 9:11 AM
19 Dec 2019,KBP,SYX,PS7877,10:05,UR-GED,6:50 AM,7:04 AM,6:00 PM,Landed 5:09 PM
18 Dec 2019,DEL,KBP,PS392,7:10,UR-GED,6:00 PM,6:41 PM,2:10 AM,Landed 1:51 AM
17 Dec 2019,KBP,DEL,PS391,6:19,UR-GED,7:25 PM,7:43 PM,2:20 AM,Landed 2:02 AM
15 Dec 2019,BKK,KBP,PS272,10:58,UR-GED,3:40 PM,3:58 PM,2:45 AM,Landed 2:57 AM
14 Dec 2019,KBP,BKK,PS271,9:25,UR-GED,6:30 PM,3:34 AM,3:55 AM,Landed 12:58 PM
13 Dec 2019,KBP,DEL,PS391,-,UR-GED,7:25 PM,7:29 PM,2:20 AM,Diverted to KBP
12 Dec 2019,SYX,KBP,PS7878,12:25,UR-GED,8:00 PM,8:00 PM,8:50 AM,Landed 8:24 AM
12 Dec 2019,KBP,SYX,PS7877,10:10,UR-GED,6:50 AM,7:09 AM,6:00 PM,Landed 5:18 PM
07 Dec 2019,DEL,KBP,PS392,6:42,UR-GED,6:00 PM,6:16 PM,2:10 AM,Landed 12:59 AM
06 Dec 2019,KBP,DEL,PS391,6:34,UR-GED,7:25 PM,7:37 PM,2:20 AM,Landed 2:10 AM
02 Dec 2019,SYX,KBP,PS7878,12:33,UR-GED,8:00 PM,8:00 PM,8:50 AM,Landed 8:33 AM
02 Dec 2019,KBP,SYX,PS7877,9:54,UR-GED,6:50 AM,7:15 AM,6:00 PM,Landed 5:09 PM
30 Nov 2019,DEL,KBP,PS392,7:18,UR-GED,6:00 PM,6:19 PM,2:10 AM,Landed 1:36 AM
29 Nov 2019,KBP,DEL,PS391,6:15,UR-GED,7:25 PM,7:40 PM,2:20 AM,Landed 1:55 AM
28 Nov 2019,SYX,KBP,PS7878,13:22,UR-GED,8:00 PM,8:00 PM,8:50 AM,Landed 9:22 AM
28 Nov 2019,KBP,SYX,PS7877,10:13,UR-GED,6:50 AM,7:03 AM,6:00 PM,Landed 5:16 PM
27 Nov 2019,DEL,KBP,PS392,7:20,UR-GED,6:00 PM,6:24 PM,2:10 AM,Landed 1:43 AM
26 Nov 2019,KBP,DEL,PS391,6:19,UR-GED,7:25 PM,7:28 PM,2:20 AM,Landed 1:48 AM
23 Nov 2019,DEL,KBP,PS392,7:12,UR-GED,6:00 PM,6:17 PM,2:10 AM,Landed 1:29 AM
22 Nov 2019,KBP,DEL,PS391,6:21,UR-GED,7:25 PM,7:50 PM,2:20 AM,Landed 2:11 AM
21 Nov 2019,SYX,KBP,PS7878,12:17,UR-GED,8:00 PM,8:00 PM,8:50 AM,Landed 8:16 AM
21 Nov 2019,KBP,SYX,PS7877,10:00,UR-GED,6:50 AM,7:04 AM,6:00 PM,Landed 5:04 PM
20 Nov 2019,DEL,KBP,PS392,7:12,UR-GED,6:00 PM,6:23 PM,2:10 AM,Landed 1:35 AM
19 Nov 2019,KBP,DEL,PS391,6:26,UR-GED,7:25 PM,7:43 PM,2:20 AM,Landed 2:09 AM
18 Nov 2019,SYX,KBP,PS7878,12:29,UR-GED,8:00 PM,8:00 PM,8:50 AM,Landed 8:28 AM
18 Nov 2019,KBP,SYX,PS7877,10:56,UR-GED,6:50 AM,7:13 AM,6:00 PM,Landed 6:09 PM
17 Nov 2019,YYZ,KBP,PS242,8:51,UR-GED,4:15 AM,4:33 AM,2:05 PM,Landed 1:24 PM
16 Nov 2019,KBP,YYZ,PS241,10:02,UR-GED,9:10 AM,9:48 AM,8:00 PM,Landed 7:50 PM
13 Nov 2019,DEL,KBP,PS392,6:50,UR-GED,5:30 AM,6:05 AM,1:20 PM,Landed 12:55 PM
12 Nov 2019,KBP,DEL,PS391,6:47,UR-GED,6:55 PM,7:09 PM,1:50 AM,Landed 1:56 AM
11 Nov 2019,SYX,KBP,PS7878,11:51,UR-GED,8:00 PM,8:00 PM,8:50 AM,Landed 7:50 AM
11 Nov 2019,KBP,SYX,PS7877,10:29,UR-GED,6:50 AM,7:37 AM,6:00 PM,Landed 6:07 PM
10 Nov 2019,DEL,KBP,PS392,6:44,UR-GED,5:30 AM,6:06 AM,1:20 PM,Landed 12:50 PM
09 Nov 2019,KBP,DEL,PS391,6:28,UR-GED,6:55 PM,7:26 PM,1:50 AM,Landed 1:54 AM
08 Nov 2019,DEL,KBP,PS392,6:45,UR-GED,5:30 AM,5:59 AM,1:20 PM,Landed 12:45 PM
07 Nov 2019,KBP,DEL,PS391,6:28,UR-GED,6:55 PM,7:17 PM,1:50 AM,Landed 1:45 AM
07 Nov 2019,YYZ,KBP,PS242,8:37,UR-GED,4:15 AM,5:10 AM,2:05 PM,Landed 1:47 PM
06 Nov 2019,KBP,YYZ,PS241,10:06,UR-GED,9:10 AM,12:01 PM,8:00 PM,Landed 10:07 PM
03 Nov 2019,YYZ,KBP,PS242,8:31,UR-GED,3:15 AM,3:38 AM,1:05 PM,Landed 12:09 PM
02 Nov 2019,KBP,YYZ,PS241,10:00,UR-GED,9:10 AM,9:37 AM,8:00 PM,Landed 7:37 PM
01 Nov 2019,DEL,KBP,PS392,6:52,UR-GED,5:30 AM,6:21 AM,1:20 PM,Landed 1:13 PM
31 Oct 2019,KBP,DEL,PS391,6:13,UR-GED,6:55 PM,7:04 PM,1:50 AM,Landed 1:17 AM
31 Oct 2019,BKK,KBP,PS272,10:24,UR-GED,5:05 AM,5:43 AM,4:25 PM,Landed 4:07 PM
30 Oct 2019,KBP,BKK,PS271,9:26,UR-GED,5:25 PM,6:28 PM,2:55 AM,Landed 3:54 AM
30 Oct 2019,DEL,KBP,PS392,6:52,UR-GED,5:30 AM,6:03 AM,1:20 PM,Landed 12:55 PM
29 Oct 2019,KBP,DEL,PS391,6:23,UR-GED,6:55 PM,7:19 PM,1:50 AM,Landed 1:42 AM
29 Oct 2019,BKK,KBP,PS272,10:29,UR-GED,5:05 AM,6:17 AM,4:25 PM,Landed 4:46 PM
28 Oct 2019,KBP,BKK,PS271,9:46,UR-GED,5:25 PM,5:53 PM,2:55 AM,Landed 3:40 AM
27 Oct 2019,BKK,KBP,PS272,10:08,UR-GED,5:05 AM,5:30 AM,4:25 PM,Landed 3:38 PM
26 Oct 2019,KBP,BKK,PS271,9:44,UR-GED,4:25 PM,4:47 PM,2:55 AM,Landed 2:32 AM
26 Oct 2019,DEL,KBP,PS392,7:06,UR-GED,4:30 AM,4:50 AM,12:20 PM,Landed 11:56 AM
25 Oct 2019,KBP,DEL,PS391,6:10,UR-GED,5:55 PM,6:17 PM,12:50 AM,Landed 12:27 AM
25 Oct 2019,DEL,KBP,PS392,7:49,UR-GED,4:30 AM,4:30 AM,12:20 PM,Landed 12:18 PM
24 Oct 2019,KBP,DEL,PS391,6:12,UR-GED,5:55 PM,6:35 PM,12:50 AM,Landed 12:47 AM
24 Oct 2019,TLV,KBP,PS778,2:49,UR-GED,2:30 AM,2:59 AM,5:40 AM,Landed 5:49 AM
23 Oct 2019,KBP,TLV,PS777,2:48,UR-GED,4:30 PM,5:12 PM,7:40 PM,Landed 7:59 PM
22 Oct 2019,JFK,KBP,PS232,8:59,UR-GED,7:00 PM,8:06 PM,4:10 AM,Landed 5:06 AM
22 Oct 2019,KBP,JFK,PS231,9:43,UR-GED,6:35 AM,7:19 AM,4:14 PM,Landed 5:01 PM
21 Oct 2019,SYX,KBP,PS7878,-,UR-GED,4:20 PM,â€”,4:15 AM,Landed 4:03 AM
21 Oct 2019,KBP,SYX,PS7877,10:03,UR-GED,3:00 AM,3:21 AM,2:20 PM,Landed 1:23 PM
20 Oct 2019,DEL,KBP,PS392,6:44,UR-GED,4:30 AM,4:52 AM,12:20 PM,Landed 11:35 AM
19 Oct 2019,KBP,DEL,PS391,6:22,UR-GED,5:55 PM,6:04 PM,12:50 AM,Landed 12:26 AM
19 Oct 2019,DEL,KBP,PS392,6:45,UR-GED,4:30 AM,4:55 AM,12:20 PM,Landed 11:40 AM
18 Oct 2019,KBP,DEL,PS391,6:26,UR-GED,5:55 PM,6:27 PM,12:50 AM,Landed 12:53 AM
18 Oct 2019,TLV,KBP,PS778,2:40,UR-GED,2:30 AM,2:55 AM,5:40 AM,Landed 5:35 AM
17 Oct 2019,KBP,TLV,PS777,2:54,UR-GED,4:30 PM,5:15 PM,7:40 PM,Landed 8:09 PM
16 Oct 2019,JFK,KBP,PS232,8:30,UR-GED,7:00 PM,7:36 PM,4:10 AM,Landed 4:05 AM
16 Oct 2019,KBP,JFK,PS231,9:24,UR-GED,6:35 AM,7:14 AM,4:12 PM,Landed 4:38 PM
15 Oct 2019,SSH,KBP,PS6014,-,UR-GED,8:45 PM,â€”,12:45 AM,Landed 1:21 AM
15 Oct 2019,KBP,SSH,PS6013,3:31,UR-GED,3:45 PM,4:26 PM,7:45 PM,Landed 7:57 PM
15 Oct 2019,TLV,KBP,PS776,2:42,UR-GED,11:35 AM,11:50 AM,2:45 PM,Landed 2:32 PM
15 Oct 2019,KBP,TLV,PS775,2:46,UR-GED,6:55 AM,7:16 AM,10:05 AM,Landed 10:02 AM
14 Oct 2019,SYX,KBP,PS7878,-,UR-GED,4:20 PM,â€”,4:15 AM,Landed 4:01 AM
14 Oct 2019,KBP,SYX,PS7877,10:03,UR-GED,3:00 AM,3:13 AM,2:20 PM,Landed 1:16 PM
13 Oct 2019,YYZ,KBP,PS242,8:43,UR-GED,3:15 AM,3:28 AM,1:05 PM,Landed 12:11 PM
12 Oct 2019,KBP,YYZ,PS241,9:46,UR-GED,8:20 AM,8:34 AM,6:35 PM,Landed 6:20 PM
12 Oct 2019,TLV,KBP,PS778,3:00,UR-GED,2:30 AM,2:44 AM,5:40 AM,Landed 5:44 AM
11 Oct 2019,KBP,TLV,PS777,2:37,UR-GED,4:30 PM,4:49 PM,7:40 PM,Landed 7:26 PM
11 Oct 2019,DEL,KBP,PS392,6:49,UR-GED,4:30 AM,4:48 AM,12:20 PM,Landed 11:38 AM
10 Oct 2019,KBP,DEL,PS391,6:25,UR-GED,5:55 PM,6:29 PM,12:50 AM,Landed 12:54 AM
10 Oct 2019,TLV,KBP,PS776,2:51,UR-GED,11:35 AM,1:52 PM,2:45 PM,Landed 4:43 PM
10 Oct 2019,KBP,TLV,PS775,2:52,UR-GED,6:55 AM,7:28 AM,10:05 AM,Landed 10:21 AM
09 Oct 2019,JFK,KBP,PS232,8:12,UR-GED,7:00 PM,7:53 PM,4:10 AM,Landed 4:05 AM
09 Oct 2019,KBP,JFK,PS231,9:21,UR-GED,6:35 AM,7:25 AM,5:08 PM,Landed 4:46 PM
08 Oct 2019,JFK,KBP,PS232,7:44,UR-GED,7:00 PM,7:25 PM,4:10 AM,Landed 3:09 AM
08 Oct 2019,KBP,JFK,PS231,9:21,UR-GED,6:35 AM,6:54 AM,5:21 PM,Landed 4:15 PM
07 Oct 2019,SYX,KBP,PS7878,-,UR-GED,4:20 PM,â€”,4:15 AM,Landed 4:54 AM
07 Oct 2019,KBP,SYX,PS7877,10:08,UR-GED,3:00 AM,3:20 AM,2:20 PM,Landed 1:28 PM
06 Oct 2019,BKK,KBP,PS272,10:33,UR-GED,4:25 AM,4:45 AM,3:30 PM,Landed 3:18 PM
05 Oct 2019,KBP,BKK,PS271,9:48,UR-GED,4:25 PM,4:50 PM,2:45 AM,Landed 2:38 AM
04 Oct 2019,JFK,KBP,PS232,8:22,UR-GED,7:00 PM,7:26 PM,4:10 AM,Landed 3:48 AM
04 Oct 2019,KBP,JFK,PS231,9:38,UR-GED,6:35 AM,7:07 AM,4:55 PM,Landed 4:45 PM
03 Oct 2019,TLV,KBP,PS776,2:54,UR-GED,11:35 AM,12:00 PM,2:45 PM,Landed 2:53 PM
03 Oct 2019,KBP,TLV,PS775,2:54,UR-GED,6:55 AM,7:22 AM,10:05 AM,Landed 10:16 AM
02 Oct 2019,JFK,KBP,PS234,8:19,UR-GED,3:15 PM,3:43 PM,12:25 AM,Landed 12:02 AM
02 Oct 2019,KBP,JFK,PS233,9:51,UR-GED,2:50 AM,3:16 AM,12:41 PM,Landed 1:07 PM
01 Oct 2019,YYZ,KBP,PS242,9:05,UR-GED,3:15 AM,3:20 AM,1:05 PM,Landed 12:25 PM
30 Sep 2019,KBP,YYZ,PS241,9:52,UR-GED,8:20 AM,8:48 AM,6:35 PM,Landed 6:40 PM
30 Sep 2019,TLV,KBP,PS778,2:52,UR-GED,2:30 AM,2:39 AM,5:40 AM,Landed 5:31 AM
29 Sep 2019,KBP,TLV,PS777,2:41,UR-GED,4:30 PM,4:45 PM,7:40 PM,Landed 7:25 PM
29 Sep 2019,YYZ,KBP,PS242,8:31,UR-GED,3:15 AM,3:29 AM,1:05 PM,Landed 12:00 PM
28 Sep 2019,KBP,YYZ,PS241,9:52,UR-GED,8:20 AM,9:08 AM,6:35 PM,Landed 7:00 PM
27 Sep 2019,PMI,KBP,PS988,3:10,UR-GED,9:30 PM,9:54 PM,1:20 AM,Landed 1:04 AM
27 Sep 2019,KBP,PMI,PS987,3:33,UR-GED,4:30 PM,4:47 PM,8:30 PM,Landed 8:21 PM
26 Sep 2019,JFK,KBP,PS234,8:26,UR-GED,8:00 PM,9:12 PM,5:10 AM,Landed 5:38 AM
26 Sep 2019,KBP,JFK,PS233,9:42,UR-GED,7:40 AM,8:02 AM,5:09 PM,Landed 5:45 PM
26 Sep 2019,TLV,KBP,PS778,2:44,UR-GED,2:30 AM,3:08 AM,5:40 AM,Landed 5:51 AM
25 Sep 2019,KBP,TLV,PS777,2:40,UR-GED,4:30 PM,6:30 PM,7:40 PM,Landed 9:09 PM
25 Sep 2019,AMS,KBP,PS102,2:22,UR-GED,11:15 AM,1:57 PM,2:05 PM,Landed 4:18 PM
25 Sep 2019,KBP,AMS,PS101,2:33,UR-GED,6:50 AM,7:45 AM,9:45 AM,Landed 10:18 AM
24 Sep 2019,JFK,KBP,PS232,8:27,UR-GED,7:00 PM,7:32 PM,4:10 AM,Landed 3:59 AM
24 Sep 2019,KBP,JFK,PS231,9:30,UR-GED,6:35 AM,7:08 AM,4:29 PM,Landed 4:37 PM
23 Sep 2019,SYX,KBP,PS7878,-,UR-GED,4:20 PM,â€”,4:15 AM,Landed 4:24 AM
23 Sep 2019,KBP,SYX,PS7877,10:14,UR-GED,3:00 AM,3:13 AM,2:20 PM,Landed 1:27 PM
22 Sep 2019,BKK,KBP,PS272,10:24,UR-GED,4:25 AM,4:49 AM,3:30 PM,Landed 3:13 PM
21 Sep 2019,KBP,BKK,PS271,9:21,UR-GED,4:25 PM,4:50 PM,2:45 AM,Landed 2:11 AM
21 Sep 2019,DEL,KBP,PS392,7:17,UR-GED,4:30 AM,4:42 AM,12:20 PM,Landed 11:59 AM
20 Sep 2019,KBP,DEL,PS391,5:57,UR-GED,5:55 PM,6:07 PM,12:50 AM,Landed 12:04 AM
20 Sep 2019,BKK,KBP,PS272,10:21,UR-GED,4:25 AM,4:37 AM,3:30 PM,Landed 2:58 PM
19 Sep 2019,KBP,BKK,PS271,9:25,UR-GED,4:25 PM,4:39 PM,2:45 AM,Landed 2:04 AM
18 Sep 2019,JFK,KBP,PS232,8:49,UR-GED,7:00 PM,7:17 PM,4:10 AM,Landed 4:06 AM
18 Sep 2019,KBP,JFK,PS231,9:30,UR-GED,6:35 AM,6:51 AM,4:38 PM,Landed 4:20 PM
17 Sep 2019,JFK,KBP,PS232,8:43,UR-GED,7:00 PM,7:30 PM,4:10 AM,Landed 4:13 AM
17 Sep 2019,KBP,JFK,PS231,9:25,UR-GED,6:35 AM,6:53 AM,4:30 PM,Landed 4:19 PM
16 Sep 2019,SYX,KBP,PS7878,-,UR-GED,4:20 PM,â€”,4:15 AM,Landed 4:30 AM
16 Sep 2019,KBP,SYX,PS7877,9:57,UR-GED,3:00 AM,4:43 AM,2:20 PM,Landed 2:39 PM
15 Sep 2019,YYZ,KBP,PS242,8:09,UR-GED,3:15 AM,3:39 AM,1:05 PM,Landed 11:47 AM
14 Sep 2019,KBP,YYZ,PS241,9:23,UR-GED,8:20 AM,8:56 AM,6:35 PM,Landed 6:19 PM
13 Sep 2019,PMI,KBP,PS988,3:10,UR-GED,9:30 PM,11:42 PM,1:20 AM,Landed 2:52 AM
13 Sep 2019,KBP,PMI,PS987,3:36,UR-GED,4:30 PM,5:03 PM,8:30 PM,Landed 8:39 PM
13 Sep 2019,DEL,KBP,PS392,7:01,UR-GED,4:30 AM,5:43 AM,12:20 PM,Landed 12:45 PM
12 Sep 2019,KBP,DEL,PS391,6:00,UR-GED,5:55 PM,6:21 PM,12:50 AM,Landed 12:21 AM
12 Sep 2019,YYZ,KBP,PS242,8:08,UR-GED,3:15 AM,3:20 AM,1:05 PM,Landed 11:28 AM
11 Sep 2019,KBP,YYZ,PS241,9:20,UR-GED,8:20 AM,9:03 AM,6:35 PM,Landed 6:23 PM
10 Sep 2019,JFK,KBP,PS232,8:14,UR-GED,7:00 PM,7:21 PM,4:10 AM,Landed 3:34 AM
10 Sep 2019,KBP,JFK,PS231,9:22,UR-GED,6:35 AM,6:56 AM,4:25 PM,Landed 4:18 PM
09 Sep 2019,SYX,KBP,PS7878,-,UR-GED,4:20 PM,â€”,4:15 AM,Landed 4:08 AM
09 Sep 2019,KBP,SYX,PS7877,10:02,UR-GED,3:00 AM,3:21 AM,2:20 PM,Landed 1:23 PM
08 Sep 2019,YYZ,KBP,PS242,8:49,UR-GED,3:15 AM,3:22 AM,1:05 PM,Landed 12:12 PM
07 Sep 2019,KBP,YYZ,PS241,9:17,UR-GED,8:20 AM,9:12 AM,6:35 PM,Landed 6:29 PM
06 Sep 2019,JFK,KBP,PS232,8:32,UR-GED,7:00 PM,8:01 PM,4:10 AM,Landed 4:33 AM
06 Sep 2019,KBP,JFK,PS231,9:21,UR-GED,6:35 AM,7:00 AM,4:32 PM,Landed 4:21 PM
05 Sep 2019,YYZ,KBP,PS242,8:32,UR-GED,3:15 AM,3:25 AM,1:05 PM,Landed 11:57 AM
04 Sep 2019,KBP,YYZ,PS241,10:17,UR-GED,8:20 AM,8:40 AM,6:35 PM,Landed 6:57 PM
03 Sep 2019,DEL,KBP,PS392,7:02,UR-GED,4:30 AM,5:51 AM,12:20 PM,Landed 12:53 PM
02 Sep 2019,KBP,DEL,PS391,5:56,UR-GED,5:55 PM,9:22 PM,12:50 AM,Landed 3:18 AM
02 Sep 2019,BKK,KBP,PS272,10:10,UR-GED,4:25 AM,5:26 AM,3:30 PM,Landed 3:36 PM
01 Sep 2019,KBP,BKK,PS271,9:31,UR-GED,4:25 PM,6:10 PM,2:45 AM,Landed 3:41 AM
01 Sep 2019,BKK,KBP,PS272,10:27,UR-GED,4:25 AM,4:40 AM,3:30 PM,Landed 3:06 PM
31 Aug 2019,KBP,BKK,PS271,9:50,UR-GED,4:25 PM,4:55 PM,2:45 AM,Landed 2:45 AM
31 Aug 2019,DEL,KBP,PS392,6:55,UR-GED,4:30 AM,5:14 AM,12:20 PM,Landed 12:09 PM
30 Aug 2019,KBP,DEL,PS391,5:59,UR-GED,5:55 PM,6:07 PM,12:50 AM,Landed 12:06 AM
30 Aug 2019,BKK,KBP,PS272,10:13,UR-GED,4:25 AM,4:38 AM,3:30 PM,Landed 2:51 PM
29 Aug 2019,KBP,BKK,PS271,9:50,UR-GED,4:25 PM,4:53 PM,2:45 AM,Landed 2:43 AM
29 Aug 2019,DEL,KBP,PS392,7:04,UR-GED,4:30 AM,4:58 AM,12:20 PM,Landed 12:02 PM
28 Aug 2019,KBP,DEL,PS391,6:20,UR-GED,5:55 PM,6:07 PM,12:50 AM,Landed 12:27 AM
28 Aug 2019,TLV,KBP,PS776,2:45,UR-GED,11:35 AM,11:46 AM,2:45 PM,Landed 2:30 PM
28 Aug 2019,KBP,TLV,PS775,2:47,UR-GED,6:55 AM,7:28 AM,10:05 AM,Landed 10:15 AM
27 Aug 2019,PMI,KBP,PS988,3:12,UR-GED,10:30 PM,11:29 PM,2:20 AM,Landed 2:41 AM
27 Aug 2019,KBP,PMI,PS987,3:25,UR-GED,5:30 PM,5:46 PM,9:30 PM,Landed 9:11 PM
24 Aug 2019,TLV,KBP,PS778,2:44,UR-GED,2:30 AM,3:00 AM,5:40 AM,Landed 5:45 AM
23 Aug 2019,KBP,TLV,PS777,2:40,UR-GED,4:30 PM,4:54 PM,7:40 PM,Landed 7:34 PM
23 Aug 2019,BKK,KBP,PS272,10:04,UR-GED,4:25 AM,4:48 AM,3:30 PM,Landed 2:52 PM
22 Aug 2019,KBP,BKK,PS271,9:55,UR-GED,4:25 PM,4:35 PM,2:45 AM,Landed 2:31 AM
22 Aug 2019,DEL,KBP,PS392,6:39,UR-GED,4:30 AM,5:01 AM,12:20 PM,Landed 11:40 AM
21 Aug 2019,KBP,DEL,PS391,6:18,UR-GED,5:55 PM,6:30 PM,12:50 AM,Landed 12:48 AM
20 Aug 2019,SYX,KBP,PS7878,-,UR-GED,4:20 PM,â€”,4:15 AM,Landed 4:27 AM
20 Aug 2019,KBP,SYX,PS7877,10:28,UR-GED,3:00 AM,3:22 AM,2:20 PM,Landed 1:50 PM
18 Aug 2019,TLV,KBP,PS778,2:41,UR-GED,2:30 AM,2:53 AM,5:40 AM,Landed 5:33 AM
17 Aug 2019,KBP,TLV,PS777,2:58,UR-GED,4:30 PM,4:59 PM,7:40 PM,Landed 7:57 PM
16 Aug 2019,DEL,KBP,PS392,7:05,UR-GED,4:30 AM,4:30 AM,12:20 PM,Landed 11:35 AM
15 Aug 2019,KBP,DEL,PS391,6:16,UR-GED,5:55 PM,6:34 PM,12:50 AM,Landed 12:50 AM
15 Aug 2019,BKK,KBP,PS272,9:57,UR-GED,4:25 AM,4:51 AM,3:30 PM,Landed 2:49 PM
14 Aug 2019,KBP,BKK,PS271,9:56,UR-GED,4:25 PM,5:00 PM,2:45 AM,Landed 2:56 AM
13 Aug 2019,SYX,KBP,PS7878,-,UR-GED,4:20 PM,â€”,4:15 AM,Landed 4:35 AM
13 Aug 2019,KBP,SYX,PS7877,9:56,UR-GED,3:00 AM,3:33 AM,2:20 PM,Landed 1:29 PM
12 Aug 2019,TLV,KBP,PS776,2:46,UR-GED,11:35 AM,12:34 PM,2:45 PM,Landed 3:20 PM
12 Aug 2019,KBP,TLV,PS775,2:50,UR-GED,6:55 AM,7:43 AM,10:05 AM,Landed 10:34 AM
12 Aug 2019,TLV,KBP,PS778,2:41,UR-GED,2:30 AM,3:14 AM,5:40 AM,Landed 5:55 AM
11 Aug 2019,KBP,TLV,PS777,2:41,UR-GED,4:30 PM,4:56 PM,7:40 PM,Landed 7:37 PM
10 Aug 2019,TLV,KBP,PS778,2:46,UR-GED,2:30 AM,2:51 AM,5:40 AM,Landed 5:37 AM
09 Aug 2019,KBP,TLV,PS777,2:39,UR-GED,4:30 PM,5:03 PM,7:40 PM,Landed 7:43 PM
09 Aug 2019,DEL,KBP,PS392,7:00,UR-GED,4:30 AM,4:50 AM,12:20 PM,Landed 11:50 AM
08 Aug 2019,KBP,DEL,PS391,6:12,UR-GED,5:55 PM,6:25 PM,12:50 AM,Landed 12:37 AM
08 Aug 2019,SAW,KBP,PS1812,1:35,UR-GED,1:18 AM,11:40 PM,â€”,Landed 1:15 AM
08 Apr 2019,KBP,ISL,PS1811,1:41,UR-GED,4:04 AM,2:20 AM,â€”,Landed 4:01 AM
05 Apr 2019,TLV,KBP,PS778,2:53,UR-GED,2:30 AM,3:16 AM,5:40 AM,Landed 6:09 AM
04 Apr 2019,KBP,TLV,PS777,2:44,UR-GED,4:30 PM,5:11 PM,7:40 PM,Landed 7:55 PM
04 Apr 2019,YYZ,KBP,PS242,9:27,UR-GED,3:15 AM,3:26 AM,1:05 PM,Landed 12:53 PM
03 Apr 2019,KBP,YYZ,PS241,10:15,UR-GED,8:20 AM,9:07 AM,7:00 PM,Landed 7:22 PM
02 Apr 2019,TLV,KBP,PS776,2:48,UR-GED,11:35 AM,11:43 AM,2:45 PM,Landed 2:31 PM
02 Apr 2019,KBP,TLV,PS775,2:42,UR-GED,6:55 AM,7:15 AM,10:05 AM,Landed 9:56 AM
01 Apr 2019,TLV,KBP,PS776,2:44,UR-GED,11:35 AM,2:23 PM,2:45 PM,Landed 5:07 PM
01 Apr 2019,KBP,TLV,PS775,2:46,UR-GED,6:55 AM,7:15 AM,10:05 AM,Landed 10:01 AM
31 Mar 2019,SSH,KBP,PS5202,-,UR-GED,9:10 PM,â€”,2:10 AM,Landed 12:45 AM
31 Mar 2019,KBP,SSH,PS5201,3:25,UR-GED,4:40 PM,3:59 PM,7:40 PM,Landed 7:24 PM
31 Mar 2019,DEL,KBP,PS392,8:02,UR-GED,4:30 AM,4:59 AM,1:40 PM,Landed 1:00 PM
30 Mar 2019,KBP,DEL,PS391,7:41,UR-GED,6:55 PM,6:59 PM,2:50 AM,Landed 2:40 AM
30 Mar 2019,TLV,KBP,PS776,2:46,UR-GED,12:35 PM,12:56 PM,3:45 PM,Landed 3:42 PM
30 Mar 2019,KBP,TLV,PS775,2:45,UR-GED,7:55 AM,8:05 AM,11:05 AM,Landed 10:50 AM
29 Mar 2019,AYT,KBP,PS5332,-,UR-GED,10:35 PM,â€”,1:10 AM,Landed 1:35 AM
29 Mar 2019,DEL,KBP,PS392,8:01,UR-GED,5:30 AM,5:55 AM,2:55 PM,Landed 1:56 PM
28 Mar 2019,KBP,DEL,PS391,7:34,UR-GED,6:55 PM,7:07 PM,2:45 AM,Landed 2:41 AM
28 Mar 2019,TLV,KBP,PS778,2:55,UR-GED,3:30 AM,4:04 AM,6:40 AM,Landed 6:59 AM
27 Mar 2019,KBP,TLV,PS777,2:34,UR-GED,5:30 PM,6:14 PM,8:40 PM,Landed 8:48 PM
27 Mar 2019,DEL,KBP,PS392,7:27,UR-GED,5:30 AM,5:57 AM,2:55 PM,Landed 1:24 PM
26 Mar 2019,KBP,DEL,PS391,8:01,UR-GED,6:55 PM,6:59 PM,2:45 AM,Landed 3:00 AM
26 Mar 2019,TLV,KBP,PS776,2:39,UR-GED,12:40 PM,1:04 PM,3:45 PM,Landed 3:42 PM
26 Mar 2019,KBP,TLV,PS775,2:45,UR-GED,7:55 AM,8:12 AM,11:05 AM,Landed 10:57 AM
25 Mar 2019,TLV,KBP,PS776,2:56,UR-GED,12:35 PM,12:57 PM,3:45 PM,Landed 3:53 PM
25 Mar 2019,KBP,TLV,PS775,2:52,UR-GED,7:55 AM,8:19 AM,11:05 AM,Landed 11:11 AM
24 Mar 2019,YYZ,KBP,PS242,8:43,UR-GED,3:15 AM,3:29 AM,1:05 PM,Landed 12:12 PM
23 Mar 2019,KBP,YYZ,PS241,10:11,UR-GED,9:10 AM,9:41 AM,8:00 PM,Landed 7:51 PM
23 Mar 2019,TLV,KBP,PS778,3:09,UR-GED,3:30 AM,3:44 AM,6:40 AM,Landed 6:53 AM
22 Mar 2019,KBP,TLV,PS777,2:41,UR-GED,5:30 PM,5:56 PM,8:40 PM,Landed 8:36 PM
22 Mar 2019,LRM,KBP,PS206,10:08,UR-GED,12:50 AM,1:00 AM,12:20 PM,Landed 11:08 AM
21 Mar 2019,KBP,LRM,PS205,11:38,UR-GED,10:00 AM,10:42 AM,10:50 PM,Landed 10:20 PM
20 Mar 2019,DEL,KBP,PS392,8:55,UR-GED,5:30 AM,5:45 AM,2:55 PM,Landed 2:40 PM
19 Mar 2019,KBP,DEL,PS391,7:22,UR-GED,6:55 PM,7:10 PM,2:45 AM,Landed 2:31 AM
19 Mar 2019,DEL,KBP,PS392,8:20,UR-GED,5:30 AM,5:55 AM,2:55 PM,Landed 2:15 PM
18 Mar 2019,KBP,DEL,PS391,7:21,UR-GED,6:55 PM,7:09 PM,2:45 AM,Landed 2:31 AM
18 Mar 2019,TLV,KBP,PS776,3:02,UR-GED,12:35 PM,1:23 PM,3:45 PM,Landed 4:25 PM
18 Mar 2019,KBP,TLV,PS775,2:48,UR-GED,7:55 AM,8:11 AM,11:05 AM,Landed 10:59 AM
17 Mar 2019,YYZ,KBP,PS242,8:39,UR-GED,3:15 AM,3:38 AM,1:05 PM,Landed 12:18 PM
16 Mar 2019,KBP,YYZ,PS241,10:06,UR-GED,9:10 AM,9:30 AM,8:00 PM,Landed 7:35 PM
15 Mar 2019,DEL,KBP,PS392,8:35,UR-GED,5:30 AM,5:40 AM,2:55 PM,Landed 2:15 PM
14 Mar 2019,KBP,DEL,PS391,7:39,UR-GED,6:55 PM,7:26 PM,2:45 AM,Landed 3:05 AM
14 Mar 2019,TLV,KBP,PS778,2:42,UR-GED,3:30 AM,3:48 AM,6:40 AM,Landed 6:30 AM
13 Mar 2019,KBP,TLV,PS777,2:46,UR-GED,5:30 PM,5:47 PM,8:40 PM,Landed 8:33 PM
13 Mar 2019,CMB,KBP,PS388,-,UR-GED,5:35 AM,â€”,3:25 PM,Landed 1:29 PM
12 Mar 2019,KBP,CMB,PS387,8:15,UR-GED,6:25 PM,6:39 PM,3:00 AM,Landed 2:55 AM
12 Mar 2019,DEL,KBP,PS392,8:34,UR-GED,5:30 AM,5:50 AM,1:20 PM,Landed 2:24 PM
11 Mar 2019,KBP,DEL,PS391,7:12,UR-GED,6:55 PM,7:11 PM,1:50 AM,Landed 2:23 AM
11 Mar 2019,TLV,KBP,PS776,2:57,UR-GED,12:35 PM,12:44 PM,3:45 PM,Landed 3:42 PM
11 Mar 2019,KBP,TLV,PS775,2:47,UR-GED,7:55 AM,8:12 AM,11:05 AM,Landed 10:59 AM
10 Mar 2019,CMB,KBP,PS388,-,UR-GED,5:35 AM,â€”,3:25 PM,Landed 3:02 PM
09 Mar 2019,KBP,CMB,PS387,8:15,UR-GED,6:25 PM,6:30 PM,3:00 AM,Landed 2:46 AM
09 Mar 2019,DEL,KBP,PS392,-,UR-GED,5:30 AM,â€”,1:20 PM,Landed 2:27 PM
08 Mar 2019,KBP,DEL,PS391,6:10,UR-GED,6:55 PM,7:09 PM,1:50 AM,Landed 1:19 AM
08 Mar 2019,DEL,KBP,PS392,8:43,UR-GED,5:30 AM,6:11 AM,1:20 PM,Landed 2:55 PM
07 Mar 2019,KBP,DEL,PS391,6:10,UR-GED,6:55 PM,7:12 PM,1:50 AM,Landed 1:22 AM
07 Mar 2019,YYZ,KBP,PS242,8:31,UR-GED,4:15 AM,4:41 AM,2:05 PM,Landed 1:12 PM
06 Mar 2019,KBP,YYZ,PS241,10:08,UR-GED,9:10 AM,10:32 AM,8:00 PM,Landed 8:41 PM
06 Mar 2019,TLV,KBP,PS778,2:50,UR-GED,3:30 AM,4:12 AM,6:40 AM,Landed 7:02 AM
05 Mar 2019,KBP,TLV,PS777,2:44,UR-GED,5:30 PM,5:49 PM,8:40 PM,Landed 8:33 PM
05 Mar 2019,DEL,KBP,PS392,8:55,UR-GED,5:30 AM,6:16 AM,1:20 PM,Landed 3:11 PM
04 Mar 2019,KBP,DEL,PS391,7:34,UR-GED,6:55 PM,7:11 PM,1:50 AM,Landed 2:45 AM
04 Mar 2019,TLV,KBP,PS776,2:58,UR-GED,12:35 PM,12:59 PM,3:45 PM,Landed 3:57 PM
04 Mar 2019,KBP,TLV,PS775,2:42,UR-GED,7:55 AM,8:12 AM,11:05 AM,Landed 10:54 AM
03 Mar 2019,CMB,KBP,PS388,-,UR-GED,5:35 AM,â€”,3:25 PM,Landed 3:09 PM
02 Mar 2019,KBP,CMB,PS387,8:15,UR-GED,6:25 PM,6:42 PM,3:00 AM,Landed 2:58 AM
02 Mar 2019,DEL,KBP,PS392,9:12,UR-GED,5:30 AM,5:53 AM,1:20 PM,Landed 3:05 PM
01 Mar 2019,KBP,DEL,PS391,7:11,UR-GED,6:55 PM,7:10 PM,1:50 AM,Landed 2:21 AM
01 Mar 2019,DEL,KBP,PS392,8:56,UR-GED,5:30 AM,6:22 AM,1:20 PM,Landed 3:18 PM
28 Feb 2019,KBP,DEL,PS391,7:23,UR-GED,6:55 PM,7:15 PM,1:50 AM,Landed 2:37 AM
28 Feb 2019,YYZ,IEV,PS241,9:03,UR-GED,2:08 PM,5:03 AM,â€”,Landed 2:06 PM
27 Feb 2019,KBP,YYZ,PS241,9:59,UR-GED,9:10 AM,10:55 AM,8:00 PM,Landed 8:54 PM
26 Feb 2019,BKK,KBP,PS272,11:14,UR-GED,5:05 AM,5:18 AM,4:20 PM,Landed 4:33 PM
25 Feb 2019,KBP,BKK,PS271,9:13,UR-GED,5:25 PM,5:44 PM,2:55 AM,Landed 2:57 AM
25 Feb 2019,TLV,KBP,PS778,2:45,UR-GED,3:30 AM,4:37 AM,6:40 AM,Landed 7:22 AM
24 Feb 2019,KBP,TLV,PS777,2:42,UR-GED,5:30 PM,6:00 PM,8:40 PM,Landed 8:41 PM
24 Feb 2019,YYZ,KBP,PS242,8:54,UR-GED,4:15 AM,4:48 AM,2:05 PM,Landed 1:42 PM
23 Feb 2019,KBP,YYZ,PS241,9:43,UR-GED,9:10 AM,10:02 AM,8:00 PM,Landed 7:45 PM
22 Feb 2019,DEL,KBP,PS392,7:04,UR-GED,5:30 AM,6:17 AM,1:20 PM,Landed 1:21 PM
21 Feb 2019,KBP,DEL,PS391,6:24,UR-GED,6:55 PM,7:09 PM,1:50 AM,Landed 1:34 AM
21 Feb 2019,TLV,KBP,PS776,3:12,UR-GED,12:40 PM,1:17 PM,3:45 PM,Landed 4:29 PM
21 Feb 2019,KBP,TLV,PS775,2:42,UR-GED,7:55 AM,8:15 AM,11:05 AM,Landed 10:58 AM
20 Feb 2019,DEL,KBP,PS392,7:08,UR-GED,5:30 AM,6:06 AM,1:20 PM,Landed 1:14 PM
19 Feb 2019,KBP,DEL,PS391,6:18,UR-GED,6:55 PM,6:56 PM,1:50 AM,Landed 1:15 AM
19 Feb 2019,BKK,KBP,PS272,10:30,UR-GED,5:05 AM,5:22 AM,4:20 PM,Landed 3:52 PM
18 Feb 2019,KBP,BKK,PS271,8:58,UR-GED,5:25 PM,6:05 PM,2:55 AM,Landed 3:03 AM
18 Feb 2019,TLV,KBP,PS778,2:52,UR-GED,3:30 AM,3:56 AM,6:40 AM,Landed 6:48 AM
17 Feb 2019,KBP,TLV,PS777,2:38,UR-GED,5:30 PM,5:51 PM,8:40 PM,Landed 8:29 PM
17 Feb 2019,DEL,KBP,PS392,-,UR-GED,5:30 AM,â€”,1:20 PM,Landed 1:06 PM
16 Feb 2019,KBP,DEL,PS391,6:39,UR-GED,6:55 PM,7:12 PM,1:50 AM,Landed 1:51 AM
16 Feb 2019,DEL,KBP,PS392,7:11,UR-GED,5:30 AM,5:57 AM,1:20 PM,Landed 1:08 PM
15 Feb 2019,KBP,DEL,PS391,6:34,UR-GED,6:55 PM,7:17 PM,1:50 AM,Landed 1:51 AM
14 Feb 2019,TLV,KBP,PS776,2:42,UR-GED,12:40 PM,1:10 PM,3:45 PM,Landed 3:51 PM
14 Feb 2019,KBP,TLV,PS775,3:01,UR-GED,7:55 AM,8:28 AM,11:05 AM,Landed 11:29 AM
13 Feb 2019,DEL,KBP,PS392,-,UR-GED,5:30 AM,â€”,1:20 PM,Landed 12:56 PM
12 Feb 2019,KBP,DEL,PS391,6:32,UR-GED,6:55 PM,8:24 PM,1:50 AM,Landed 2:57 AM
12 Feb 2019,BKK,KBP,PS272,10:28,UR-GED,5:05 AM,5:21 AM,4:20 PM,Landed 3:49 PM
11 Feb 2019,KBP,BKK,PS271,9:44,UR-GED,5:25 PM,5:36 PM,2:55 AM,Landed 3:21 AM
11 Feb 2019,ATH,KBP,PS354,2:07,UR-GED,1:00 PM,1:32 PM,3:40 PM,Landed 3:39 PM
11 Feb 2019,KBP,ATH,PS353,2:10,UR-GED,8:50 AM,9:08 AM,11:30 AM,Landed 11:18 AM
10 Feb 2019,DEL,KBP,PS392,6:59,UR-GED,5:30 AM,6:20 AM,1:20 PM,Landed 1:19 PM
09 Feb 2019,KBP,DEL,PS391,6:10,UR-GED,6:55 PM,7:48 PM,1:50 AM,Landed 1:58 AM
08 Feb 2019,TLV,KBP,PS778,2:43,UR-GED,3:30 AM,3:46 AM,6:40 AM,Landed 6:29 AM
07 Feb 2019,KBP,TLV,PS777,2:52,UR-GED,5:30 PM,6:16 PM,8:40 PM,Landed 9:08 PM
07 Feb 2019,TLV,KBP,PS776,2:40,UR-GED,12:40 PM,1:06 PM,3:45 PM,Landed 3:46 PM
07 Feb 2019,KBP,TLV,PS775,2:54,UR-GED,7:55 AM,8:19 AM,11:05 AM,Landed 11:13 AM
06 Feb 2019,DEL,KBP,PS392,-,UR-GED,5:30 AM,â€”,1:20 PM,Landed 1:05 PM
05 Feb 2019,KBP,DEL,PS391,6:17,UR-GED,6:55 PM,7:37 PM,1:50 AM,Landed 1:54 AM
05 Feb 2019,BKK,KBP,PS272,10:47,UR-GED,5:05 AM,5:17 AM,4:20 PM,Landed 4:05 PM
04 Feb 2019,KBP,BKK,PS271,9:26,UR-GED,5:25 PM,6:06 PM,2:55 AM,Landed 3:32 AM
04 Feb 2019,CMB,KBP,PS388,-,UR-GED,5:35 AM,â€”,3:25 PM,Landed 3:10 PM
03 Feb 2019,KBP,CMB,PS387,8:03,UR-GED,6:25 PM,6:46 PM,3:00 AM,Landed 2:49 AM
03 Feb 2019,CMB,KBP,PS388,-,UR-GED,5:35 AM,â€”,3:25 PM,Landed 3:17 PM
02 Feb 2019,KBP,CMB,PS387,8:00,UR-GED,6:25 PM,6:42 PM,3:00 AM,Landed 2:42 AM
02 Feb 2019,DEL,KBP,PS392,-,UR-GED,5:30 AM,â€”,1:20 PM,Unknown
01 Feb 2019,KBP,DEL,PS391,6:07,UR-GED,6:55 PM,7:22 PM,1:50 AM,Landed 1:29 AM
01 Feb 2019,TLV,KBP,PS778,2:45,UR-GED,3:30 AM,4:03 AM,6:40 AM,Landed 6:48 AM
31 Jan 2019,KBP,TLV,PS777,2:51,UR-GED,5:30 PM,5:59 PM,8:40 PM,Landed 8:50 PM
30 Jan 2019,CMB,KBP,PS388,-,UR-GED,5:35 AM,â€”,3:25 PM,Unknown
29 Jan 2019,KBP,CMB,PS387,7:47,UR-GED,6:25 PM,8:18 PM,3:00 AM,Landed 4:05 AM
29 Jan 2019,DEL,KBP,PS392,-,UR-GED,5:30 AM,â€”,1:20 PM,Unknown
28 Jan 2019,KBP,DEL,PS391,5:48,UR-GED,6:55 PM,7:21 PM,1:50 AM,Landed 1:09 AM
28 Jan 2019,CMB,KBP,PS388,-,UR-GED,5:35 AM,â€”,3:25 PM,Unknown
27 Jan 2019,KBP,CMB,PS387,7:59,UR-GED,6:25 PM,7:01 PM,3:00 AM,Landed 3:00 AM
27 Jan 2019,DEL,KBP,PS392,-,UR-GED,5:30 AM,â€”,1:20 PM,Landed 1:33 PM
26 Jan 2019,KBP,DEL,PS391,6:27,UR-GED,6:55 PM,7:50 PM,1:50 AM,Landed 2:17 AM
26 Jan 2019,DEL,KBP,PS392,-,UR-GED,7:00 AM,â€”,2:50 PM,Landed 2:42 PM
25 Jan 2019,KBP,DEL,PS391,6:26,UR-GED,6:55 PM,7:30 PM,1:50 AM,Landed 1:56 AM
25 Jan 2019,IST,KBP,PS1716,1:31,UR-GED,12:48 AM,12:47 AM,â€”,Landed 2:18 AM
23 Jan 2019,KBP,IST,PS715,1:48,UR-GED,5:30 PM,6:22 PM,7:30 PM,Landed 8:10 PM
23 Jan 2019,DEL,KBP,PS392,-,UR-GED,7:00 AM,â€”,2:50 PM,Landed 2:43 PM
22 Jan 2019,KBP,DEL,PS391,6:11,UR-GED,6:55 PM,7:14 PM,1:50 AM,Landed 1:26 AM
22 Jan 2019,DEL,KBP,PS392,-,UR-GED,7:00 AM,â€”,2:50 PM,Landed 2:45 PM
21 Jan 2019,KBP,DEL,PS391,6:09,UR-GED,6:55 PM,7:10 PM,1:50 AM,Landed 1:19 AM
21 Jan 2019,TLV,KBP,PS778,2:46,UR-GED,3:30 AM,5:12 AM,6:40 AM,Landed 7:58 AM
20 Jan 2019,KBP,TLV,PS777,2:42,UR-GED,5:30 PM,6:39 PM,8:40 PM,Landed 9:22 PM
20 Jan 2019,DEL,KBP,PS392,6:52,UR-GED,7:00 AM,7:36 AM,2:50 PM,Landed 2:29 PM
19 Jan 2019,KBP,DEL,PS391,6:10,UR-GED,6:55 PM,7:13 PM,1:50 AM,Landed 1:23 AM
19 Jan 2019,DEL,KBP,PS392,-,UR-GED,5:30 AM,â€”,1:20 PM,Landed 12:47 PM
18 Jan 2019,KBP,DEL,PS391,6:43,UR-GED,6:55 PM,7:53 PM,1:50 AM,Landed 2:36 AM
13 Jan 2019,DEL,KBP,PS392,7:36,UR-GED,5:30 AM,6:05 AM,10:20 AM,Landed 1:41 PM
12 Jan 2019,KBP,DEL,PS391,5:48,UR-GED,6:55 PM,7:19 PM,1:50 AM,Landed 1:07 AM
12 Jan 2019,TLV,KBP,PS776,-,UR-GED,12:35 PM,â€”,3:45 PM,Landed 5:04 PM
12 Jan 2019,KBP,TLV,PS775,2:49,UR-GED,7:55 AM,9:10 AM,11:05 AM,Landed 11:59 AM
09 Jan 2019,MXP,KBP,PS312,2:25,UR-GED,1:40 PM,2:05 PM,4:25 PM,Landed 4:30 PM
09 Jan 2019,KBP,MXP,PS311,2:32,UR-GED,8:40 AM,9:33 AM,11:30 AM,Landed 12:05 PM
06 Jan 2019,ATH,KBP,PS354,2:02,UR-GED,1:00 PM,3:28 PM,3:40 PM,Landed 5:30 PM
06 Jan 2019,KBP,ATH,PS353,2:09,UR-GED,8:50 AM,11:16 AM,11:30 AM,Landed 1:25 PM
06 Jan 2019,MXP,KBP,PS314,2:24,UR-GED,6:40 AM,7:30 PM,9:30 AM,Landed 9:53 PM
06 Jan 2019,KBP,MXP,PS313,-,UR-GED,2:50 AM,â€”,5:40 AM,Landed 5:10 PM
05 Jan 2019,TLV,KBP,PS778,2:44,UR-GED,3:30 AM,9:45 AM,6:40 AM,Landed 12:29 PM
04 Jan 2019,KBP,TLV,PS777,2:49,UR-GED,5:30 PM,5:46 PM,8:40 PM,Landed 8:35 PM
04 Jan 2019,JFK,KBP,PS232,9:29,UR-GED,5:30 AM,5:34 AM,2:40 PM,Landed 3:03 PM
03 Jan 2019,KBP,JFK,PS231,9:40,UR-GED,9:30 AM,10:05 AM,7:34 PM,Landed 7:44 PM
02 Jan 2019,DEL,KBP,PS392,7:43,UR-GED,5:30 AM,5:53 AM,1:20 PM,Landed 1:36 PM
01 Jan 2019,KBP,DEL,PS391,5:44,UR-GED,6:55 PM,7:26 PM,1:50 AM,Landed 1:10 AM
01 Jan 2019,BKK,KBP,PS272,11:01,UR-GED,5:05 AM,5:26 AM,4:20 PM,Landed 4:27 PM
31 Dec 2018,KBP,BKK,PS271,9:18,UR-GED,5:25 PM,5:31 PM,2:55 AM,Landed 2:49 AM
31 Dec 2018,CMB,KBP,PS388,-,UR-GED,5:35 AM,â€”,3:25 PM,Unknown
30 Dec 2018,KBP,CMB,PS387,8:05,UR-GED,6:25 PM,6:50 PM,3:00 AM,Landed 2:55 AM
30 Dec 2018,YYZ,KBP,PS242,8:43,UR-GED,4:15 AM,5:29 AM,2:05 PM,Landed 2:12 PM
29 Dec 2018,KBP,YYZ,PS241,9:50,UR-GED,9:10 AM,4:10 PM,8:00 PM,Landed 2:00 AM
29 Dec 2018,DEL,KBP,PS392,-,UR-GED,5:30 AM,â€”,1:20 PM,Landed 12:57 PM
28 Dec 2018,KBP,DEL,PS391,6:05,UR-GED,6:55 PM,7:05 PM,1:50 AM,Landed 1:10 AM
28 Dec 2018,LRM,KBP,PS206,11:12,UR-GED,12:50 AM,1:00 AM,12:20 PM,Landed 12:11 PM
27 Dec 2018,KBP,LRM,PS205,12:02,UR-GED,10:00 AM,10:48 AM,10:50 PM,Landed 10:50 PM
27 Dec 2018,TLV,KBP,PS778,2:49,UR-GED,3:30 AM,4:42 AM,6:40 AM,Landed 7:31 AM
26 Dec 2018,KBP,TLV,PS777,2:43,UR-GED,5:30 PM,6:05 PM,8:40 PM,Landed 8:49 PM
26 Dec 2018,DEL,KBP,PS392,7:37,UR-GED,5:30 AM,5:54 AM,1:20 PM,Landed 1:31 PM
25 Dec 2018,KBP,DEL,PS391,6:12,UR-GED,6:55 PM,7:37 PM,1:50 AM,Landed 1:49 AM
24 Dec 2018,TLV,KBP,PS776,2:59,UR-GED,12:35 PM,5:23 PM,3:45 PM,Landed 8:22 PM
24 Dec 2018,KBP,TLV,PS775,2:37,UR-GED,7:55 AM,8:40 AM,11:05 AM,Landed 11:18 AM
23 Dec 2018,YYZ,KBP,PS242,8:52,UR-GED,4:15 AM,4:37 AM,2:05 PM,Landed 1:29 PM
22 Dec 2018,KBP,YYZ,PS241,9:43,UR-GED,9:10 AM,9:36 AM,8:00 PM,Landed 7:20 PM
22 Dec 2018,TLV,KBP,PS778,2:58,UR-GED,3:30 AM,3:48 AM,6:40 AM,Landed 6:46 AM
21 Dec 2018,KBP,TLV,PS777,2:47,UR-GED,5:30 PM,5:55 PM,8:40 PM,Landed 8:42 PM
21 Dec 2018,DEL,KBP,PS392,7:17,UR-GED,5:30 AM,5:59 AM,1:20 PM,Landed 1:15 PM
20 Dec 2018,KBP,DEL,PS391,6:12,UR-GED,6:55 PM,7:57 PM,1:50 AM,Landed 2:09 AM
20 Dec 2018,YYZ,KBP,PS242,9:18,UR-GED,4:15 AM,4:38 AM,2:05 PM,Landed 1:56 PM
19 Dec 2018,KBP,YYZ,PS241,9:38,UR-GED,9:10 AM,12:53 PM,8:00 PM,Landed 10:31 PM
19 Dec 2018,TLV,KBP,PS778,2:35,UR-GED,3:30 AM,3:55 AM,6:40 AM,Landed 6:30 AM
18 Dec 2018,KBP,TLV,PS777,2:56,UR-GED,5:30 PM,6:19 PM,8:40 PM,Landed 9:16 PM
18 Dec 2018,LRM,KBP,PS206,-,UR-GED,12:50 AM,â€”,12:20 PM,Unknown
17 Dec 2018,KBP,LRM,PS205,11:14,UR-GED,10:00 AM,11:33 AM,10:50 PM,Landed 10:47 PM
17 Dec 2018,TLV,KBP,PS778,2:45,UR-GED,3:30 AM,3:50 AM,6:40 AM,Landed 6:35 AM
16 Dec 2018,KBP,TLV,PS777,2:49,UR-GED,5:30 PM,6:10 PM,8:40 PM,Landed 9:00 PM
16 Dec 2018,YYZ,KBP,PS242,8:59,UR-GED,4:15 AM,4:37 AM,2:05 PM,Landed 1:36 PM
15 Dec 2018,KBP,YYZ,PS241,9:36,UR-GED,9:10 AM,10:00 AM,8:00 PM,Landed 7:36 PM
14 Dec 2018,DEL,KBP,PS392,-,UR-GED,5:30 AM,â€”,1:20 PM,Unknown
13 Dec 2018,KBP,DEL,PS391,5:58,UR-GED,6:55 PM,8:09 PM,1:50 AM,Landed 2:07 AM
13 Dec 2018,TLV,KBP,PS778,2:42,UR-GED,3:30 AM,5:52 AM,6:40 AM,Landed 8:34 AM
12 Dec 2018,KBP,TLV,PS777,2:40,UR-GED,5:30 PM,6:28 PM,8:40 PM,Landed 9:08 PM
12 Dec 2018,DEL,KBP,PS392,-,UR-GED,5:30 AM,â€”,1:20 PM,Landed 1:00 PM
11 Dec 2018,KBP,DEL,PS391,6:12,UR-GED,6:55 PM,7:15 PM,1:50 AM,Landed 1:27 AM
11 Dec 2018,DEL,KBP,PS392,7:04,UR-GED,5:30 AM,5:35 AM,1:20 PM,Landed 12:39 PM
10 Dec 2018,KBP,DEL,PS391,6:01,UR-GED,6:55 PM,7:19 PM,1:50 AM,Landed 1:20 AM
10 Dec 2018,CMB,KBP,PS388,-,UR-GED,5:35 AM,â€”,3:25 PM,Landed 3:02 PM
09 Dec 2018,KBP,CMB,PS387,8:04,UR-GED,6:25 PM,6:54 PM,3:00 AM,Landed 2:58 AM
09 Dec 2018,CMB,KBP,PS388,-,UR-GED,5:35 AM,â€”,3:25 PM,Landed 3:02 PM
08 Dec 2018,KBP,CMB,PS387,7:49,UR-GED,6:25 PM,7:11 PM,3:00 AM,Landed 3:00 AM
29 Nov 2018,YYZ,KBP,PS242,9:47,UR-GED,4:15 AM,4:55 AM,2:05 PM,Landed 2:41 PM
28 Nov 2018,KBP,YYZ,PS241,10:05,UR-GED,9:10 AM,9:44 AM,8:00 PM,Landed 7:49 PM
28 Nov 2018,TLV,KBP,PS778,2:36,UR-GED,3:30 AM,3:59 AM,6:40 AM,Landed 6:34 AM
27 Nov 2018,KBP,TLV,PS777,2:46,UR-GED,5:30 PM,6:07 PM,8:40 PM,Landed 8:54 PM
27 Nov 2018,DEL,KBP,PS392,6:51,UR-GED,5:30 AM,6:24 AM,1:20 PM,Landed 1:15 PM
26 Nov 2018,KBP,DEL,PS391,6:23,UR-GED,6:55 PM,8:54 PM,1:50 AM,Landed 3:17 AM
26 Nov 2018,TLV,KBP,PS776,3:00,UR-GED,12:35 PM,3:21 PM,3:45 PM,Landed 6:21 PM
26 Nov 2018,KBP,TLV,PS775,2:50,UR-GED,7:55 AM,10:59 AM,11:05 AM,Landed 1:49 PM
25 Nov 2018,CMB,KBP,PS388,-,UR-GED,5:35 AM,â€”,3:25 PM,Landed 2:33 PM
24 Nov 2018,KBP,CMB,PS387,8:22,UR-GED,6:25 PM,6:35 PM,3:00 AM,Landed 2:56 AM
24 Nov 2018,DEL,KBP,PS392,7:01,UR-GED,5:30 AM,5:48 AM,1:20 PM,Landed 12:49 PM
23 Nov 2018,KBP,DEL,PS391,6:14,UR-GED,6:55 PM,7:06 PM,1:50 AM,Landed 1:20 AM
22 Nov 2018,TLV,KBP,PS778,2:56,UR-GED,3:30 AM,4:05 AM,6:40 AM,Landed 7:02 AM
21 Nov 2018,KBP,TLV,PS777,2:47,UR-GED,5:30 PM,5:58 PM,8:40 PM,Landed 8:44 PM
21 Nov 2018,DEL,KBP,PS392,7:12,UR-GED,5:30 AM,5:47 AM,1:20 PM,Landed 12:59 PM
20 Nov 2018,KBP,DEL,PS391,6:12,UR-GED,6:55 PM,7:09 PM,1:50 AM,Landed 1:21 AM
20 Nov 2018,BKK,KBP,PS272,10:50,UR-GED,5:05 AM,5:23 AM,4:20 PM,Landed 4:13 PM
19 Nov 2018,KBP,BKK,PS271,9:12,UR-GED,5:25 PM,6:33 PM,2:55 AM,Landed 3:45 AM
19 Nov 2018,CMB,KBP,PS388,-,UR-GED,5:35 AM,â€”,3:25 PM,Unknown
18 Nov 2018,KBP,CMB,PS387,8:00,UR-GED,6:25 PM,6:32 PM,3:00 AM,Landed 2:32 AM
18 Nov 2018,CMB,KBP,PS388,-,UR-GED,5:35 AM,â€”,3:25 PM,Unknown
17 Nov 2018,KBP,CMB,PS387,8:12,UR-GED,6:25 PM,6:41 PM,3:00 AM,Landed 2:54 AM
17 Nov 2018,DEL,KBP,PS392,7:01,UR-GED,5:30 AM,5:56 AM,1:20 PM,Landed 12:57 PM
16 Nov 2018,KBP,DEL,PS391,6:10,UR-GED,6:55 PM,7:54 PM,1:50 AM,Landed 2:04 AM
16 Nov 2018,LRM,KBP,PS206,12:30,UR-GED,12:50 AM,1:00 AM,12:20 PM,Landed 1:30 PM
15 Nov 2018,KBP,LRM,PS205,11:48,UR-GED,10:00 AM,10:36 AM,10:50 PM,Landed 10:23 PM
14 Nov 2018,CMB,KBP,PS388,-,UR-GED,5:35 AM,â€”,3:25 PM,Unknown
13 Nov 2018,KBP,CMB,PS387,7:54,UR-GED,6:25 PM,6:29 PM,3:00 AM,Landed 2:23 AM
13 Nov 2018,BKK,KBP,PS272,10:24,UR-GED,5:05 AM,5:24 AM,4:20 PM,Landed 3:49 PM
12 Nov 2018,KBP,BKK,PS271,9:08,UR-GED,5:25 PM,5:53 PM,2:55 AM,Landed 3:01 AM
12 Nov 2018,TLV,KBP,PS778,2:52,UR-GED,3:30 AM,3:52 AM,6:40 AM,Landed 6:44 AM
11 Nov 2018,KBP,TLV,PS777,2:32,UR-GED,5:30 PM,6:17 PM,8:40 PM,Landed 8:49 PM
11 Nov 2018,YYZ,KBP,PS242,9:01,UR-GED,4:15 AM,4:39 AM,2:05 PM,Landed 1:39 PM
10 Nov 2018,KBP,YYZ,PS241,10:17,UR-GED,9:10 AM,9:21 AM,8:00 PM,Landed 7:37 PM
09 Nov 2018,DEL,KBP,PS392,-,UR-GED,5:30 AM,â€”,1:20 PM,Unknown
08 Nov 2018,KBP,DEL,PS391,6:27,UR-GED,6:55 PM,7:05 PM,1:50 AM,Landed 1:31 AM
08 Nov 2018,BKK,KBP,PS272,10:15,UR-GED,5:05 AM,5:27 AM,3:55 PM,Landed 3:41 PM
07 Nov 2018,KBP,BKK,PS271,9:18,UR-GED,5:55 PM,6:25 PM,2:55 AM,Landed 3:43 AM
07 Nov 2018,DEL,KBP,PS392,6:55,UR-GED,5:30 AM,5:36 AM,1:20 PM,Landed 12:31 PM
06 Nov 2018,KBP,DEL,PS391,6:19,UR-GED,6:55 PM,7:09 PM,1:50 AM,Landed 1:28 AM
06 Nov 2018,BKK,KBP,PS272,10:05,UR-GED,5:05 AM,5:16 AM,4:20 PM,Landed 3:21 PM
05 Nov 2018,KBP,BKK,PS271,9:22,UR-GED,5:25 PM,5:33 PM,2:55 AM,Landed 2:55 AM
05 Nov 2018,CMB,KBP,PS388,-,UR-GED,5:35 AM,â€”,3:25 PM,Unknown
04 Nov 2018,KBP,CMB,PS387,8:19,UR-GED,6:25 PM,6:33 PM,3:00 AM,Landed 2:53 AM
04 Nov 2018,CMB,KBP,PS388,-,UR-GED,5:35 AM,â€”,3:25 PM,Unknown
03 Nov 2018,KBP,CMB,PS387,8:09,UR-GED,6:25 PM,6:42 PM,3:00 AM,Landed 2:51 AM
03 Nov 2018,DEL,KBP,PS392,6:57,UR-GED,5:30 AM,5:43 AM,1:20 PM,Landed 12:40 PM
02 Nov 2018,KBP,DEL,PS391,6:15,UR-GED,6:55 PM,7:08 PM,1:50 AM,Landed 1:23 AM
02 Nov 2018,TLV,KBP,PS778,3:02,UR-GED,3:30 AM,3:52 AM,6:40 AM,Landed 6:55 AM
01 Nov 2018,KBP,TLV,PS777,2:34,UR-GED,5:30 PM,6:02 PM,8:40 PM,Landed 8:36 PM
01 Nov 2018,TLV,KBP,PS778,3:01,UR-GED,3:30 AM,5:07 AM,6:40 AM,Landed 8:08 AM
31 Oct 2018,KBP,TLV,PS777,2:47,UR-GED,5:30 PM,5:52 PM,8:40 PM,Landed 8:39 PM
31 Oct 2018,AMS,KBP,PS102,2:12,UR-GED,12:35 PM,1:08 PM,3:25 PM,Landed 3:21 PM
31 Oct 2018,KBP,AMS,PS101,-,UR-GED,8:10 AM,â€”,11:05 AM,Unknown
30 Oct 2018,BKK,KBP,PS272,10:00,UR-GED,5:05 AM,6:21 AM,4:20 PM,Landed 4:21 PM
29 Oct 2018,KBP,BKK,PS271,9:39,UR-GED,5:25 PM,5:40 PM,2:55 AM,Landed 3:18 AM
29 Oct 2018,CMB,KBP,PS388,-,UR-GED,5:35 AM,â€”,3:25 PM,Unknown
28 Oct 2018,KBP,CMB,PS387,8:20,UR-GED,6:25 PM,6:48 PM,3:00 AM,Landed 3:08 AM
28 Oct 2018,YYZ,KBP,PS242,8:36,UR-GED,3:15 AM,3:57 AM,1:05 PM,Landed 12:33 PM
27 Oct 2018,KBP,YYZ,PS241,9:42,UR-GED,8:20 AM,8:43 AM,6:35 PM,Landed 6:24 PM
27 Oct 2018,TLV,KBP,PS778,3:05,UR-GED,2:30 AM,2:46 AM,5:40 AM,Landed 5:51 AM
26 Oct 2018,KBP,TLV,PS777,2:31,UR-GED,4:30 PM,5:00 PM,7:40 PM,Landed 7:31 PM
26 Oct 2018,LRM,KBP,PS206,10:43,UR-GED,12:50 AM,1:00 AM,12:20 PM,Landed 11:43 AM
25 Oct 2018,KBP,LRM,PS205,11:47,UR-GED,10:00 AM,10:22 AM,10:50 PM,Landed 10:09 PM
25 Oct 2018,TLV,KBP,PS778,2:37,UR-GED,2:30 AM,3:17 AM,5:40 AM,Landed 5:54 AM
24 Oct 2018,KBP,TLV,PS777,2:54,UR-GED,4:30 PM,5:04 PM,7:40 PM,Landed 7:58 PM
24 Oct 2018,CMB,KBP,PS388,-,UR-GED,4:35 AM,â€”,1:55 PM,Unknown
24 Oct 2018,CMB,KBP,PS388,-,UR-GED,4:35 AM,â€”,1:55 PM,Unknown
23 Oct 2018,KBP,CMB,PS387,8:05,UR-GED,6:00 PM,6:09 PM,2:35 AM,Landed 2:13 AM
23 Oct 2018,TLV,KBP,PS776,2:57,UR-GED,11:35 AM,11:53 AM,2:45 PM,Landed 2:50 PM
23 Oct 2018,KBP,TLV,PS775,2:51,UR-GED,6:55 AM,7:07 AM,10:05 AM,Landed 9:58 AM
22 Oct 2018,TLV,KBP,PS776,2:40,UR-GED,11:35 AM,11:56 AM,2:45 PM,Landed 2:36 PM
22 Oct 2018,KBP,TLV,PS775,2:56,UR-GED,6:55 AM,7:07 AM,10:05 AM,Landed 10:03 AM
21 Oct 2018,DEL,KBP,PS392,6:41,UR-GED,4:30 AM,5:18 AM,12:20 PM,Landed 11:59 AM
20 Oct 2018,KBP,DEL,PS391,6:28,UR-GED,5:55 PM,6:15 PM,12:50 AM,Landed 12:43 AM
20 Oct 2018,TLV,KBP,PS776,2:46,UR-GED,11:35 AM,11:56 AM,2:45 PM,Landed 2:42 PM
20 Oct 2018,KBP,TLV,PS775,2:48,UR-GED,6:55 AM,7:14 AM,10:05 AM,Landed 10:02 AM
20 Oct 2018,TBS,KBP,PS518,2:24,UR-GED,1:30 AM,1:51 AM,4:25 AM,Landed 4:15 AM
19 Oct 2018,KBP,TBS,PS517,2:25,UR-GED,6:10 PM,6:20 PM,8:55 PM,Landed 8:45 PM
19 Oct 2018,BKK,KBP,PS272,9:59,UR-GED,4:25 AM,4:50 AM,3:40 PM,Landed 2:49 PM
18 Oct 2018,KBP,BKK,PS271,9:40,UR-GED,4:25 PM,4:49 PM,2:35 AM,Landed 2:29 AM
18 Oct 2018,YYZ,KBP,PS242,9:09,UR-GED,3:15 AM,3:32 AM,1:05 PM,Landed 12:41 PM
17 Oct 2018,KBP,YYZ,PS241,10:28,UR-GED,8:20 AM,9:20 AM,6:35 PM,Landed 7:48 PM
17 Oct 2018,TLV,KBP,PS778,2:36,UR-GED,2:30 AM,3:08 AM,5:40 AM,Landed 5:44 AM
16 Oct 2018,KBP,TLV,PS777,2:50,UR-GED,4:30 PM,4:46 PM,7:40 PM,Landed 7:36 PM
16 Oct 2018,DEL,KBP,PS392,6:47,UR-GED,4:30 AM,4:58 AM,12:20 PM,Landed 11:44 AM
15 Oct 2018,KBP,DEL,PS391,6:17,UR-GED,5:55 PM,6:16 PM,12:50 AM,Landed 12:33 AM
15 Oct 2018,BKK,KBP,PS272,10:25,UR-GED,4:25 AM,4:54 AM,3:40 PM,Landed 3:20 PM
14 Oct 2018,KBP,BKK,PS271,9:43,UR-GED,4:25 PM,5:01 PM,2:35 AM,Landed 2:44 AM
14 Oct 2018,DEL,KBP,PS392,6:55,UR-GED,4:30 AM,4:52 AM,12:20 PM,Landed 11:47 AM
13 Oct 2018,KBP,DEL,PS391,6:24,UR-GED,5:55 PM,6:09 PM,12:50 AM,Landed 12:32 AM
13 Oct 2018,TLV,KBP,PS776,2:42,UR-GED,11:35 AM,12:13 PM,2:45 PM,Landed 2:55 PM
13 Oct 2018,KBP,TLV,PS775,2:58,UR-GED,6:55 AM,7:32 AM,10:05 AM,Landed 10:29 AM
13 Oct 2018,TBS,KBP,PS518,-,UR-GED,1:30 AM,â€”,4:25 AM,Landed 4:11 AM
12 Oct 2018,KBP,TBS,PS517,2:36,UR-GED,6:10 PM,6:32 PM,8:55 PM,Landed 9:08 PM
12 Oct 2018,TLV,KBP,PS778,2:36,UR-GED,2:30 AM,2:54 AM,5:40 AM,Landed 5:29 AM
11 Oct 2018,KBP,TLV,PS777,2:46,UR-GED,4:30 PM,5:07 PM,7:40 PM,Landed 7:54 PM
11 Oct 2018,TLV,KBP,PS776,2:39,UR-GED,11:35 AM,12:31 PM,2:45 PM,Landed 3:10 PM
11 Oct 2018,KBP,TLV,PS775,2:49,UR-GED,6:55 AM,7:43 AM,10:05 AM,Landed 10:31 AM
10 Oct 2018,DEL,KBP,PS392,6:50,UR-GED,4:30 AM,5:22 AM,12:20 PM,Landed 12:12 PM
09 Oct 2018,KBP,DEL,PS391,6:11,UR-GED,5:55 PM,6:15 PM,12:50 AM,Landed 12:26 AM
09 Oct 2018,BKK,KBP,PS272,10:17,UR-GED,4:25 AM,5:41 AM,3:40 PM,Landed 3:58 PM
08 Oct 2018,KBP,BKK,PS271,9:43,UR-GED,4:25 PM,4:57 PM,2:35 AM,Landed 2:40 AM
08 Oct 2018,CMB,KBP,PS388,-,UR-GED,4:35 AM,â€”,1:55 PM,Landed 1:39 PM
07 Oct 2018,KBP,CMB,PS387,8:12,UR-GED,6:00 PM,6:09 PM,2:35 AM,Landed 2:21 AM
07 Oct 2018,BKK,KBP,PS272,10:08,UR-GED,4:25 AM,4:53 AM,3:40 PM,Landed 3:01 PM
06 Oct 2018,KBP,BKK,PS271,9:31,UR-GED,4:25 PM,5:01 PM,2:35 AM,Landed 2:33 AM
06 Oct 2018,DEL,KBP,PS392,7:05,UR-GED,4:30 AM,4:59 AM,12:20 PM,Landed 12:04 PM
05 Oct 2018,KBP,DEL,PS391,6:03,UR-GED,5:55 PM,6:34 PM,12:50 AM,Landed 12:36 AM
05 Oct 2018,BKK,KBP,PS272,10:17,UR-GED,4:25 AM,5:19 AM,3:40 PM,Landed 3:36 PM
04 Oct 2018,KBP,BKK,PS271,9:12,UR-GED,4:25 PM,6:11 PM,2:35 AM,Landed 3:23 AM
04 Oct 2018,YYZ,KBP,PS242,8:32,UR-GED,3:15 AM,3:57 AM,1:05 PM,Landed 12:29 PM
03 Oct 2018,KBP,YYZ,PS241,10:02,UR-GED,8:20 AM,8:37 AM,6:35 PM,Landed 6:40 PM
02 Oct 2018,JFK,KBP,PS232,8:15,UR-GED,4:30 AM,4:54 AM,1:50 PM,Landed 1:09 PM
01 Oct 2018,KBP,JFK,PS231,9:44,UR-GED,8:35 AM,9:01 AM,6:50 PM,Landed 6:45 PM
01 Oct 2018,TLV,KBP,PS778,2:47,UR-GED,2:30 AM,2:38 AM,5:40 AM,Landed 5:25 AM
30 Sep 2018,KBP,TLV,PS777,2:58,UR-GED,4:30 PM,5:14 PM,7:40 PM,Landed 8:13 PM
30 Sep 2018,YYZ,KBP,PS242,8:16,UR-GED,3:15 AM,3:46 AM,1:05 PM,Landed 12:02 PM
29 Sep 2018,KBP,YYZ,PS241,12:24,UR-GED,8:20 AM,9:07 AM,6:35 PM,Landed 9:31 PM
28 Sep 2018,BKK,KBP,PS272,9:49,UR-GED,4:25 AM,4:47 AM,3:40 PM,Landed 2:36 PM
27 Sep 2018,KBP,BKK,PS271,9:41,UR-GED,4:25 PM,4:44 PM,2:35 AM,Landed 2:25 AM
27 Sep 2018,YYZ,KBP,PS242,7:56,UR-GED,3:15 AM,3:32 AM,1:05 PM,Landed 11:28 AM
26 Sep 2018,KBP,YYZ,PS241,9:32,UR-GED,8:20 AM,8:50 AM,6:35 PM,Landed 6:22 PM
25 Sep 2018,PMI,KBP,PS988,3:23,UR-GED,8:40 PM,9:06 PM,12:40 AM,Landed 12:29 AM
25 Sep 2018,KBP,PMI,PS987,3:22,UR-GED,3:05 PM,3:36 PM,7:05 PM,Landed 6:58 PM
25 Sep 2018,DEL,KBP,PS392,6:38,UR-GED,4:30 AM,5:08 AM,12:20 PM,Landed 11:46 AM
24 Sep 2018,KBP,DEL,PS391,6:22,UR-GED,5:55 PM,6:13 PM,12:50 AM,Landed 12:35 AM
24 Sep 2018,CMB,KBP,PS388,-,UR-GED,4:35 AM,â€”,1:55 PM,Unknown
23 Sep 2018,KBP,CMB,PS387,8:20,UR-GED,6:00 PM,6:10 PM,2:35 AM,Landed 2:30 AM
23 Sep 2018,CMB,KBP,PS388,-,UR-GED,4:35 AM,â€”,1:55 PM,Unknown
22 Sep 2018,KBP,CMB,PS387,8:16,UR-GED,6:00 PM,6:12 PM,2:35 AM,Landed 2:28 AM
22 Sep 2018,DEL,KBP,PS392,-,UR-GED,4:30 AM,â€”,12:20 PM,Landed 11:44 AM
21 Sep 2018,KBP,DEL,PS391,6:15,UR-GED,5:55 PM,6:11 PM,12:50 AM,Landed 12:26 AM
21 Sep 2018,BKK,KBP,PS272,9:45,UR-GED,4:25 AM,4:45 AM,3:40 PM,Landed 2:30 PM
20 Sep 2018,KBP,BKK,PS271,9:52,UR-GED,4:25 PM,5:04 PM,2:35 AM,Landed 2:56 AM
20 Sep 2018,TLV,KBP,PS778,2:40,UR-GED,2:30 AM,2:50 AM,5:40 AM,Landed 5:30 AM
19 Sep 2018,KBP,TLV,PS777,2:44,UR-GED,4:30 PM,5:15 PM,7:40 PM,Landed 7:59 PM
19 Sep 2018,CMB,KBP,PS388,-,UR-GED,4:35 AM,â€”,1:55 PM,Unknown
18 Sep 2018,KBP,CMB,PS387,8:09,UR-GED,6:00 PM,6:22 PM,2:35 AM,Landed 2:31 AM
18 Sep 2018,TLV,KBP,PS776,2:43,UR-GED,10:30 AM,10:39 AM,1:35 PM,Landed 1:22 PM
18 Sep 2018,KBP,TLV,PS775,2:39,UR-GED,5:45 AM,6:09 AM,8:55 AM,Landed 8:49 AM
17 Sep 2018,CMB,KBP,PS388,-,UR-GED,4:35 AM,â€”,1:55 PM,Unknown
16 Sep 2018,KBP,CMB,PS387,8:18,UR-GED,6:00 PM,6:19 PM,2:35 AM,Landed 2:37 AM
16 Sep 2018,YYZ,KBP,PS242,8:20,UR-GED,3:15 AM,3:55 AM,1:05 PM,Landed 12:15 PM
15 Sep 2018,KBP,YYZ,PS241,10:05,UR-GED,8:20 AM,8:55 AM,6:35 PM,Landed 7:01 PM
15 Sep 2018,TLV,KBP,PS778,2:40,UR-GED,2:30 AM,2:56 AM,5:40 AM,Landed 5:37 AM
14 Sep 2018,KBP,TLV,PS777,2:41,UR-GED,4:30 PM,4:45 PM,7:40 PM,Landed 7:26 PM
14 Sep 2018,DEL,KBP,PS392,7:03,UR-GED,4:30 AM,5:07 AM,12:20 PM,Landed 12:10 PM
13 Sep 2018,KBP,DEL,PS391,5:54,UR-GED,5:55 PM,6:10 PM,12:50 AM,Landed 12:04 AM
13 Sep 2018,TLV,KBP,PS776,2:34,UR-GED,11:45 AM,12:56 PM,2:55 PM,Landed 3:30 PM
13 Sep 2018,KBP,TLV,PS775,3:01,UR-GED,7:25 AM,7:43 AM,10:45 AM,Landed 10:45 AM
12 Sep 2018,PEK,KBP,PS288,10:23,UR-GED,6:40 PM,7:08 PM,5:35 AM,Landed 5:30 AM
12 Sep 2018,KBP,PEK,PS287,-,UR-GED,4:34 PM,â€”,â€”,Unknown
12 Sep 2018,KBP,PEK,PS287,11:31,UR-GED,7:50 AM,7:44 AM,5:10 PM,Landed 7:15 PM
11 Sep 2018,DEL,KBP,PS392,6:55,UR-GED,4:30 AM,5:10 AM,12:20 PM,Landed 12:06 PM
10 Sep 2018,KBP,DEL,PS391,6:05,UR-GED,5:55 PM,6:03 PM,12:50 AM,Landed 12:07 AM
10 Sep 2018,CMB,KBP,PS388,-,UR-GED,4:35 AM,â€”,1:55 PM,Unknown
09 Sep 2018,KBP,CMB,PS387,8:25,UR-GED,6:00 PM,6:38 PM,2:35 AM,Landed 3:03 AM
09 Sep 2018,YYZ,KBP,PS242,8:28,UR-GED,3:15 AM,5:18 AM,1:05 PM,Landed 1:47 PM
08 Sep 2018,KBP,YYZ,PS241,9:18,UR-GED,8:20 AM,4:32 PM,6:35 PM,Landed 1:49 AM
08 Sep 2018,DEL,KBP,PS392,6:42,UR-GED,4:30 AM,5:14 AM,12:20 PM,Landed 11:56 AM
07 Sep 2018,KBP,DEL,PS391,6:09,UR-GED,5:55 PM,6:14 PM,12:50 AM,Landed 12:23 AM
07 Sep 2018,BKK,KBP,PS272,9:43,UR-GED,4:25 AM,5:41 AM,3:30 PM,Landed 3:24 PM
06 Sep 2018,KBP,BKK,PS271,10:00,UR-GED,4:25 PM,5:16 PM,2:35 AM,Landed 3:16 AM
06 Sep 2018,BKK,KBP,PS272,9:43,UR-GED,4:25 AM,4:47 AM,3:30 PM,Landed 2:30 PM
05 Sep 2018,KBP,BKK,PS271,9:48,UR-GED,4:25 PM,5:11 PM,2:35 AM,Landed 2:58 AM
05 Sep 2018,DEL,KBP,PS392,6:26,UR-GED,4:30 AM,5:13 AM,12:20 PM,Landed 11:39 AM
04 Sep 2018,KBP,DEL,PS391,6:02,UR-GED,5:55 PM,6:21 PM,12:50 AM,Landed 12:24 AM
04 Sep 2018,BKK,KBP,PS272,9:58,UR-GED,4:25 AM,6:18 AM,2:40 PM,Landed 4:16 PM
03 Sep 2018,KBP,BKK,PS271,9:42,UR-GED,5:10 PM,5:49 PM,2:35 AM,Landed 3:31 AM
02 Sep 2018,TLV,KBP,PS780,2:42,UR-GED,7:55 PM,8:41 PM,10:55 PM,Landed 11:23 PM
02 Sep 2018,KBP,TLV,PS779,2:43,UR-GED,3:05 PM,3:31 PM,6:25 PM,Landed 6:14 PM
02 Sep 2018,YYZ,KBP,PS242,8:33,UR-GED,3:15 AM,3:38 AM,1:05 PM,Landed 12:11 PM
01 Sep 2018,KBP,YYZ,PS241,9:54,UR-GED,8:20 AM,8:34 AM,6:35 PM,Landed 6:28 PM
31 Aug 2018,HRG,KBP,PS5214,-,UR-GED,4:50 PM,â€”,8:50 PM,Landed 9:04 PM
31 Aug 2018,KBP,HRG,PS5213,3:29,UR-GED,11:50 AM,12:16 PM,3:50 PM,Landed 3:45 PM
31 Aug 2018,TLV,KBP,PS778,2:39,UR-GED,2:30 AM,3:52 AM,5:40 AM,Landed 6:31 AM
30 Aug 2018,KBP,TLV,PS777,2:49,UR-GED,4:30 PM,5:43 PM,7:40 PM,Landed 8:32 PM
30 Aug 2018,JFK,KBP,PS232,8:27,UR-GED,4:30 AM,6:46 AM,1:20 PM,Landed 3:13 PM
29 Aug 2018,KBP,JFK,PS231,10:22,UR-GED,8:35 AM,5:58 PM,6:20 PM,Landed 4:19 AM
29 Aug 2018,CMB,KBP,PS388,-,UR-GED,4:35 AM,â€”,1:55 PM,Landed 1:11 PM
28 Aug 2018,KBP,CMB,PS387,8:39,UR-GED,6:00 PM,6:15 PM,2:35 AM,Landed 2:54 AM
28 Aug 2018,JFK,KBP,PS232,8:54,UR-GED,4:30 AM,5:25 AM,1:40 PM,Landed 2:19 PM
27 Aug 2018,KBP,JFK,PS231,9:42,UR-GED,3:55 PM,4:14 PM,2:15 AM,Landed 1:56 AM
27 Aug 2018,CMB,KBP,PS388,-,UR-GED,4:35 AM,â€”,1:55 PM,Landed 1:25 PM
26 Aug 2018,KBP,CMB,PS387,8:22,UR-GED,6:00 PM,6:09 PM,2:35 AM,Landed 2:31 AM
26 Aug 2018,KBP,CMB,PS387,8:39,UR-GED,6:00 PM,6:09 PM,2:35 AM,Landed 2:48 AM
26 Aug 2018,CMB,KBP,PS388,-,UR-GED,4:35 AM,â€”,1:55 PM,Landed 1:29 PM
25 Aug 2018,KBP,CMB,PS387,8:57,UR-GED,6:00 PM,6:20 PM,2:35 AM,Landed 3:17 AM
25 Aug 2018,JFK,KBP,PS232,8:32,UR-GED,4:30 AM,4:42 AM,1:40 PM,Landed 1:14 PM
24 Aug 2018,KBP,JFK,PS231,9:50,UR-GED,8:35 AM,10:59 AM,6:20 PM,Landed 8:49 PM
23 Aug 2018,TLV,KBP,PS778,2:38,UR-GED,2:30 AM,2:39 AM,5:40 AM,Landed 5:16 AM
22 Aug 2018,KBP,TLV,PS777,2:39,UR-GED,4:30 PM,4:55 PM,7:40 PM,Landed 7:34 PM
22 Aug 2018,DEL,KBP,PS392,7:11,UR-GED,4:30 AM,5:05 AM,12:20 PM,Landed 12:16 PM
21 Aug 2018,KBP,DEL,PS391,7:05,UR-GED,5:55 PM,6:09 PM,12:50 AM,Landed 1:14 AM
21 Aug 2018,DEL,KBP,PS392,7:16,UR-GED,4:30 AM,5:19 AM,12:20 PM,Landed 12:35 PM
20 Aug 2018,KBP,DEL,PS391,7:03,UR-GED,5:55 PM,6:08 PM,12:50 AM,Landed 1:11 AM
20 Aug 2018,TLV,KBP,PS776,2:42,UR-GED,11:35 AM,12:49 PM,2:45 PM,Landed 3:31 PM
20 Aug 2018,KBP,TLV,PS775,2:43,UR-GED,6:55 AM,7:49 AM,10:05 AM,Landed 10:33 AM
19 Aug 2018,YYZ,KBP,PS242,8:09,UR-GED,3:15 AM,3:55 AM,1:05 PM,Landed 12:04 PM
18 Aug 2018,KBP,YYZ,PS241,9:44,UR-GED,8:20 AM,8:44 AM,6:35 PM,Landed 6:28 PM
18 Aug 2018,TLV,KBP,PS778,2:39,UR-GED,2:30 AM,2:48 AM,5:40 AM,Landed 5:27 AM
17 Aug 2018,KBP,TLV,PS777,2:38,UR-GED,4:30 PM,4:54 PM,7:40 PM,Landed 7:33 PM
17 Aug 2018,ATH,KBP,PS354,2:02,UR-GED,11:35 AM,12:57 PM,2:15 PM,Landed 2:59 PM
17 Aug 2018,KBP,ATH,PS353,2:17,UR-GED,7:50 AM,8:21 AM,10:35 AM,Landed 10:38 AM
17 Aug 2018,TLV,KBP,PS1812,4:53,UR-GED,1:13 AM,9:53 PM,â€”,Landed 2:46 AM
11 Aug 2018,TLV,KBP,PS778,2:35,UR-GED,2:30 AM,2:55 AM,5:40 AM,Landed 5:30 AM
10 Aug 2018,KBP,TLV,PS777,-,UR-GED,5:00 PM,8:50 PM,8:10 PM,Diverted to SDV
10 Aug 2018,DEL,KBP,PS392,-,UR-GED,4:30 AM,â€”,12:20 PM,Landed 12:03 PM
09 Aug 2018,KBP,DEL,PS391,5:53,UR-GED,5:55 PM,6:43 PM,12:50 AM,Landed 12:37 AM
09 Aug 2018,TLV,KBP,PS778,2:40,UR-GED,2:30 AM,2:52 AM,5:40 AM,Landed 5:32 AM
08 Aug 2018,KBP,TLV,PS777,-,UR-GED,4:30 PM,â€”,7:40 PM,Landed 7:45 PM
08 Aug 2018,CMB,KBP,PS388,-,UR-GED,4:35 AM,â€”,1:55 PM,Landed 1:19 PM
07 Aug 2018,KBP,CMB,PS387,8:23,UR-GED,6:00 PM,6:28 PM,2:35 AM,Landed 2:51 AM
07 Aug 2018,YYZ,KBP,PS242,9:23,UR-GED,3:15 AM,3:25 AM,1:05 PM,Landed 12:47 PM
06 Aug 2018,KBP,YYZ,PS241,9:57,UR-GED,8:20 AM,8:50 AM,6:35 PM,Landed 6:47 PM
06 Aug 2018,TLV,KBP,PS778,2:34,UR-GED,2:30 AM,2:52 AM,5:40 AM,Landed 5:26 AM
05 Aug 2018,KBP,TLV,PS777,2:46,UR-GED,4:30 PM,4:49 PM,7:40 PM,Landed 7:35 PM
05 Aug 2018,YYZ,KBP,PS242,8:34,UR-GED,3:15 AM,3:50 AM,1:05 PM,Landed 12:24 PM
04 Aug 2018,KBP,YYZ,PS241,9:40,UR-GED,8:20 AM,8:52 AM,6:35 PM,Landed 6:32 PM
04 Aug 2018,TLV,KBP,PS778,2:35,UR-GED,2:30 AM,2:54 AM,5:40 AM,Landed 5:29 AM
03 Aug 2018,KBP,TLV,PS777,2:34,UR-GED,4:30 PM,5:04 PM,7:40 PM,Landed 7:38 PM
03 Aug 2018,TLV,KBP,PS776,2:52,UR-GED,11:35 AM,12:13 PM,2:45 PM,Landed 3:06 PM
03 Aug 2018,KBP,TLV,PS775,2:49,UR-GED,6:55 AM,7:21 AM,10:05 AM,Landed 10:10 AM
02 Aug 2018,TLV,KBP,PS776,2:41,UR-GED,11:35 AM,5:11 PM,2:45 PM,Landed 7:52 PM
02 Aug 2018,KBP,TLV,PS775,2:38,UR-GED,6:55 AM,11:03 AM,10:05 AM,Landed 1:41 PM
01 Aug 2018,CMB,KBP,PS388,-,UR-GED,4:35 AM,â€”,1:55 PM,Unknown
31 Jul 2018,KBP,CMB,PS387,8:09,UR-GED,6:00 PM,6:18 PM,2:35 AM,Landed 2:27 AM
31 Jul 2018,PMI,KBP,PS988,3:29,UR-GED,11:45 AM,12:47 PM,3:45 PM,Landed 4:15 PM
31 Jul 2018,KBP,PMI,PS987,3:15,UR-GED,6:10 AM,6:50 AM,10:10 AM,Landed 10:05 AM
30 Jul 2018,SSH,KBP,PS5204,-,UR-GED,5:30 PM,â€”,9:30 PM,Landed 4:23 AM
30 Jul 2018,KBP,SSH,PS5265,3:27,UR-GED,3:56 PM,7:27 PM,7:56 PM,Landed 10:54 PM
30 Jul 2018,CMB,KBP,PS388,-,UR-GED,4:35 AM,â€”,1:55 PM,Unknown
29 Jul 2018,KBP,CMB,PS387,8:27,UR-GED,6:00 PM,6:05 PM,2:35 AM,Landed 2:32 AM
29 Jul 2018,YYZ,KBP,PS242,8:40,UR-GED,3:15 AM,3:24 AM,1:05 PM,Landed 12:04 PM
28 Jul 2018,KBP,YYZ,PS241,8:48,UR-GED,8:20 AM,8:50 AM,6:35 PM,Landed 5:38 PM
27 Jul 2018,DEL,KBP,PS392,-,UR-GED,4:30 AM,â€”,12:20 PM,Landed 11:35 AM
26 Jul 2018,KBP,DEL,PS391,5:56,UR-GED,5:55 PM,6:26 PM,12:50 AM,Landed 12:22 AM
26 Jul 2018,TLV,KBP,PS776,2:29,UR-GED,11:35 AM,12:41 PM,2:45 PM,Landed 3:11 PM
26 Jul 2018,KBP,TLV,PS775,2:38,UR-GED,6:55 AM,7:32 AM,10:05 AM,Landed 10:10 AM
25 Jul 2018,DEL,KBP,PS392,-,UR-GED,4:30 AM,â€”,12:20 PM,Unknown
24 Jul 2018,KBP,DEL,PS391,6:11,UR-GED,5:55 PM,6:19 PM,12:50 AM,Landed 12:30 AM
24 Jul 2018,DEL,KBP,PS392,-,UR-GED,4:30 AM,â€”,12:20 PM,Unknown
23 Jul 2018,KBP,DEL,PS391,6:03,UR-GED,5:55 PM,6:24 PM,12:50 AM,Landed 12:27 AM
23 Jul 2018,CMB,KBP,PS388,-,UR-GED,4:35 AM,â€”,1:55 PM,Unknown
22 Jul 2018,KBP,CMB,PS387,8:13,UR-GED,6:00 PM,6:30 PM,2:35 AM,Landed 2:43 AM
22 Jul 2018,YYZ,KBP,PS242,8:24,UR-GED,3:15 AM,3:41 AM,1:05 PM,Landed 12:05 PM
21 Jul 2018,KBP,YYZ,PS241,9:00,UR-GED,8:20 AM,8:41 AM,6:35 PM,Landed 5:40 PM
21 Jul 2018,TLV,KBP,PS778,2:40,UR-GED,2:30 AM,2:59 AM,5:40 AM,Landed 5:39 AM
20 Jul 2018,KBP,TLV,PS777,-,UR-GED,4:30 PM,6:41 PM,7:40 PM,Diverted to ADJ
20 Jul 2018,PMI,KBP,PS988,3:06,UR-GED,11:45 AM,12:31 PM,3:45 PM,Landed 3:37 PM
20 Jul 2018,KBP,PMI,PS987,3:28,UR-GED,6:10 AM,6:27 AM,10:10 AM,Landed 9:54 AM
19 Jul 2018,YYZ,KBP,PS242,8:49,UR-GED,3:15 AM,3:27 AM,1:05 PM,Landed 12:16 PM
18 Jul 2018,KBP,YYZ,PS241,-,UR-GED,8:20 AM,â€”,6:35 PM,Landed 6:46 PM
17 Jul 2018,PMI,KBP,PS988,3:12,UR-GED,7:55 PM,8:59 PM,11:55 PM,Landed 12:12 AM
17 Jul 2018,KBP,PMI,PS987,3:16,UR-GED,2:20 PM,3:27 PM,6:20 PM,Landed 6:43 PM
17 Jul 2018,YYZ,KBP,PS242,9:03,UR-GED,3:15 AM,3:51 AM,1:05 PM,Landed 12:54 PM
17 Jul 2018,YYZ,KBP,PS242,9:01,UR-GED,3:15 AM,3:51 AM,1:05 PM,Landed 12:52 PM
16 Jul 2018,KBP,YYZ,PS241,10:04,UR-GED,8:20 AM,9:05 AM,6:35 PM,Landed 7:08 PM
15 Jul 2018,YYZ,KBP,PS242,9:02,UR-GED,3:15 AM,3:30 AM,1:05 PM,Landed 12:32 PM
14 Jul 2018,KBP,YYZ,PS241,9:38,UR-GED,8:20 AM,9:12 AM,6:35 PM,Landed 6:50 PM
14 Jul 2018,AYT,KBP,PS7124,-,UR-GED,3:45 AM,â€”,6:20 AM,Landed 5:46 AM
13 Jul 2018,KBP,AYT,PS7123,2:02,UR-GED,11:35 PM,11:58 PM,2:10 AM,Landed 2:00 AM
13 Jul 2018,DEL,KBP,PS392,-,UR-GED,4:30 AM,â€”,12:20 PM,Unknown
12 Jul 2018,KBP,DEL,PS391,5:55,UR-GED,5:55 PM,6:04 PM,12:50 AM,Landed 11:59 PM
12 Jul 2018,BKK,KBP,PS272,9:35,UR-GED,4:25 AM,4:48 AM,3:30 PM,Landed 2:23 PM
11 Jul 2018,KBP,BKK,PS271,9:42,UR-GED,4:45 PM,5:12 PM,2:35 AM,Landed 2:54 AM
11 Jul 2018,DEL,KBP,PS392,6:29,UR-GED,4:30 AM,5:01 AM,12:20 PM,Landed 11:30 AM
10 Jul 2018,KBP,DEL,PS391,6:01,UR-GED,5:55 PM,6:29 PM,12:50 AM,Landed 12:29 AM
10 Jul 2018,PMI,KBP,PS988,3:27,UR-GED,11:45 AM,11:55 AM,3:45 PM,Landed 3:23 PM
10 Jul 2018,KBP,PMI,PS987,3:13,UR-GED,6:10 AM,6:28 AM,10:10 AM,Landed 9:41 AM
09 Jul 2018,TLV,KBP,PS778,2:32,UR-GED,2:30 AM,2:50 AM,5:40 AM,Landed 5:22 AM
08 Jul 2018,KBP,TLV,PS777,2:51,UR-GED,4:30 PM,4:48 PM,7:40 PM,Landed 7:39 PM
08 Jul 2018,DEL,KBP,PS392,6:45,UR-GED,4:30 AM,4:40 AM,12:20 PM,Landed 11:25 AM
07 Jul 2018,KBP,DEL,PS391,5:55,UR-GED,5:55 PM,6:50 PM,12:50 AM,Landed 12:45 AM
07 Jul 2018,AYT,KBP,PS7124,-,UR-GED,8:45 AM,â€”,11:20 AM,Landed 10:49 AM
07 Jul 2018,KBP,AYT,PS7123,2:09,UR-GED,4:35 AM,5:09 AM,7:10 AM,Landed 7:18 AM
06 Jul 2018,JFK,KBP,PS232,8:51,UR-GED,4:30 AM,4:37 AM,1:40 PM,Landed 1:28 PM
05 Jul 2018,KBP,JFK,PS231,9:30,UR-GED,8:35 AM,8:56 AM,6:00 PM,Landed 6:27 PM
05 Jul 2018,TLV,KBP,PS778,2:37,UR-GED,2:30 AM,2:44 AM,5:40 AM,Landed 5:21 AM
04 Jul 2018,KBP,TLV,PS777,2:45,UR-GED,4:30 PM,4:47 PM,7:40 PM,Landed 7:32 PM
04 Jul 2018,DEL,KBP,PS392,6:48,UR-GED,4:30 AM,4:59 AM,12:20 PM,Landed 11:47 AM
03 Jul 2018,KBP,DEL,PS391,5:59,UR-GED,5:55 PM,6:13 PM,12:50 AM,Landed 12:12 AM
03 Jul 2018,JFK,KBP,PS232,8:50,UR-GED,4:30 AM,5:00 AM,1:40 PM,Landed 1:50 PM
02 Jul 2018,KBP,JFK,PS231,9:38,UR-GED,8:35 AM,9:13 AM,6:20 PM,Landed 6:52 PM
01 Jul 2018,SSH,KBP,PS5202,-,UR-GED,8:05 PM,â€”,12:05 AM,Landed 2:35 AM
01 Jul 2018,KBP,SSH,PS5201,3:29,UR-GED,4:00 PM,5:13 PM,8:00 PM,Landed 8:41 PM
01 Jul 2018,CMB,KBP,PS388,-,UR-GED,4:35 AM,â€”,1:55 PM,Unknown
30 Jun 2018,KBP,CMB,PS387,8:35,UR-GED,6:00 PM,7:02 PM,2:35 AM,Landed 3:37 AM
30 Jun 2018,TLV,KBP,PS776,2:36,UR-GED,11:35 AM,12:05 PM,2:45 PM,Landed 2:41 PM
30 Jun 2018,KBP,TLV,PS775,2:58,UR-GED,6:55 AM,7:27 AM,10:05 AM,Landed 10:25 AM
30 Jun 2018,BJV,KBP,PS5306,-,UR-GED,2:25 AM,â€”,4:55 AM,Landed 4:26 AM
29 Jun 2018,KBP,BJV,PS5305,2:24,UR-GED,10:35 PM,10:34 PM,1:05 AM,Landed 12:58 AM
29 Jun 2018,TLV,KBP,PS776,2:34,UR-GED,11:35 AM,12:16 PM,2:45 PM,Landed 2:50 PM
29 Jun 2018,KBP,TLV,PS775,2:55,UR-GED,6:55 AM,7:22 AM,10:05 AM,Landed 10:17 AM
28 Jun 2018,AYT,KBP,PS7124,-,UR-GED,7:05 PM,â€”,9:40 PM,Landed 9:35 PM
28 Jun 2018,KBP,AYT,PS7123,2:13,UR-GED,3:00 PM,3:19 PM,5:35 PM,Landed 5:32 PM
27 Jun 2018,KBP,YYZ,PS241,9:47,UR-GED,8:20 AM,8:37 AM,6:35 PM,Landed 6:24 PM
27 Jun 2018,BJV,KBP,PS5306,1:50,UR-GED,2:55 AM,2:58 AM,5:25 AM,Landed 4:48 AM
26 Jun 2018,KBP,BJV,PS5305,2:18,UR-GED,11:02 PM,11:11 PM,1:35 AM,Landed 1:29 AM
26 Jun 2018,AYT,KBP,PS5334,-,UR-GED,7:27 PM,â€”,â€”,Landed 9:07 PM
26 Jun 2018,KBP,AYT,PS5333,2:11,UR-GED,9:20 AM,3:10 PM,11:55 AM,Landed 5:21 PM
26 Jun 2018,YYZ,KBP,PS242,8:57,UR-GED,3:15 AM,4:10 AM,1:05 PM,Landed 1:07 PM
25 Jun 2018,KBP,YYZ,PS241,9:30,UR-GED,8:20 AM,9:08 AM,6:35 PM,Landed 6:38 PM
25 Jun 2018,HRG,KBP,PS5214,-,UR-GED,2:35 AM,â€”,6:35 AM,Unknown
24 Jun 2018,KBP,HRG,PS5213,3:50,UR-GED,9:35 PM,9:35 PM,1:25 AM,Landed 1:25 AM
24 Jun 2018,CMB,KBP,PS388,-,UR-GED,4:35 AM,â€”,1:55 PM,Landed 1:24 PM
24 Jun 2018,CMB,KBP,PS388,-,UR-GED,4:35 AM,â€”,1:55 PM,Unknown
23 Jun 2018,KBP,CMB,PS387,8:23,UR-GED,6:00 PM,6:31 PM,2:35 AM,Landed 2:54 AM
23 Jun 2018,KBP,AYT,PS7123,2:16,UR-GED,6:35 AM,7:43 AM,9:10 AM,Landed 9:59 AM
22 Jun 2018,PEK,KBP,PS288,-,UR-GED,6:40 PM,â€”,5:05 AM,Landed 5:51 AM
22 Jun 2018,KBP,PEK,PS287,11:43,UR-GED,8:10 AM,8:36 AM,5:10 PM,Landed 8:19 PM
21 Jun 2018,PEK,KBP,PS288,10:01,UR-GED,6:40 PM,8:19 PM,5:05 AM,Landed 6:20 AM
21 Jun 2018,KBP,PEK,PS287,9:18,UR-GED,8:10 AM,8:18 AM,5:10 PM,Landed 5:37 PM
21 Jun 2018,TLV,KBP,PS778,2:37,UR-GED,2:30 AM,2:53 AM,5:40 AM,Landed 5:30 AM
20 Jun 2018,KBP,TLV,PS777,2:53,UR-GED,4:30 PM,4:57 PM,7:40 PM,Landed 7:49 PM
20 Jun 2018,JFK,KBP,PS232,8:26,UR-GED,4:30 AM,4:43 AM,1:40 PM,Landed 1:10 PM
19 Jun 2018,KBP,JFK,PS231,9:48,UR-GED,8:35 AM,8:49 AM,6:20 PM,Landed 6:38 PM
18 Jun 2018,JFK,KBP,PS232,8:21,UR-GED,4:30 AM,4:45 AM,1:40 PM,Landed 1:06 PM
17 Jun 2018,KBP,JFK,PS231,9:12,UR-GED,2:20 PM,2:55 PM,12:05 AM,Landed 12:08 AM
17 Jun 2018,DEL,KBP,PS392,6:54,UR-GED,4:30 AM,5:10 AM,12:20 PM,Landed 12:05 PM
16 Jun 2018,KBP,DEL,PS391,6:40,UR-GED,5:55 PM,6:10 PM,12:50 AM,Landed 12:50 AM
16 Jun 2018,DEL,KBP,PS392,-,UR-GED,4:30 AM,â€”,12:20 PM,Unknown
15 Jun 2018,KBP,DEL,PS391,6:31,UR-GED,5:55 PM,6:22 PM,12:50 AM,Landed 12:53 AM
15 Jun 2018,TLV,KBP,PS776,2:36,UR-GED,11:35 AM,12:16 PM,2:45 PM,Landed 2:52 PM
15 Jun 2018,KBP,TLV,PS775,2:48,UR-GED,6:55 AM,7:40 AM,10:05 AM,Landed 10:29 AM
15 Jun 2018,TLV,KBP,PS778,2:29,UR-GED,2:30 AM,3:16 AM,5:40 AM,Landed 5:45 AM
14 Jun 2018,KBP,TLV,PS777,2:50,UR-GED,10:22 PM,10:21 PM,â€”,Landed 1:11 AM
14 Jun 2018,AYT,KBP,PS7124,-,UR-GED,9:05 AM,â€”,11:45 AM,Landed 11:13 AM
14 Jun 2018,KBP,AYT,PS7123,2:13,UR-GED,5:05 AM,5:13 AM,7:35 AM,Landed 7:26 AM
13 Jun 2018,DEL,KBP,PS392,7:02,UR-GED,4:30 AM,8:28 AM,12:20 PM,Landed 3:30 PM
12 Jun 2018,KBP,DEL,PS391,5:52,UR-GED,5:55 PM,6:13 PM,12:50 AM,Landed 12:05 AM
12 Jun 2018,YYZ,KBP,PS242,8:56,UR-GED,3:15 AM,3:48 AM,1:05 PM,Landed 12:45 PM
11 Jun 2018,KBP,YYZ,PS241,9:25,UR-GED,8:20 AM,8:40 AM,6:35 PM,Landed 6:04 PM
10 Jun 2018,YYZ,KBP,PS242,9:06,UR-GED,3:15 AM,3:50 AM,1:05 PM,Landed 12:56 PM
09 Jun 2018,KBP,YYZ,PS241,9:24,UR-GED,8:20 AM,8:45 AM,6:35 PM,Landed 6:09 PM
09 Jun 2018,TLV,KBP,PS778,2:44,UR-GED,2:30 AM,2:45 AM,5:40 AM,Landed 5:29 AM
08 Jun 2018,KBP,TLV,PS777,-,UR-GED,4:30 PM,4:45 PM,7:40 PM,Unknown
07 Jun 2018,SSH,KBP,PS5202,-,UR-GED,10:40 PM,â€”,2:40 AM,Landed 4:26 AM
07 Jun 2018,KBP,SSH,PS5201,3:24,UR-GED,3:40 PM,6:56 PM,9:30 PM,Landed 10:20 PM
07 Jun 2018,BKK,KBP,PS272,9:59,UR-GED,4:25 AM,4:40 AM,3:30 PM,Landed 2:39 PM
06 Jun 2018,KBP,BKK,PS271,9:22,UR-GED,4:25 PM,4:40 PM,2:35 AM,Landed 2:02 AM
06 Jun 2018,CMB,KBP,PS388,-,UR-GED,4:35 AM,â€”,1:55 PM,Unknown
05 Jun 2018,KBP,CMB,PS387,8:23,UR-GED,6:00 PM,6:11 PM,2:35 AM,Landed 2:34 AM
05 Jun 2018,TLV,KBP,PS776,2:55,UR-GED,11:35 AM,11:51 AM,2:45 PM,Landed 2:46 PM
05 Jun 2018,KBP,TLV,PS775,2:57,UR-GED,6:55 AM,7:09 AM,10:05 AM,Landed 10:06 AM
04 Jun 2018,BKK,KBP,PS272,9:43,UR-GED,4:25 AM,4:51 AM,3:30 PM,Landed 2:34 PM
03 Jun 2018,KBP,BKK,PS271,9:30,UR-GED,4:25 PM,4:48 PM,2:35 AM,Landed 2:18 AM
03 Jun 2018,CMB,KBP,PS388,-,UR-GED,4:35 AM,â€”,1:55 PM,Landed 1:29 PM
02 Jun 2018,KBP,CMB,PS387,8:31,UR-GED,6:00 PM,6:06 PM,2:35 AM,Landed 2:37 AM
02 Jun 2018,TLV,KBP,PS776,2:49,UR-GED,11:35 AM,12:10 PM,2:45 PM,Landed 2:59 PM
02 Jun 2018,KBP,TLV,PS775,2:51,UR-GED,6:55 AM,7:15 AM,10:05 AM,Landed 10:06 AM
31 May 2018,JFK,KBP,PS232,9:30,UR-GED,4:30 AM,4:57 AM,1:40 PM,Landed 2:27 PM
30 May 2018,KBP,JFK,PS231,9:18,UR-GED,8:35 AM,9:09 AM,6:20 PM,Landed 6:27 PM
30 May 2018,TLV,KBP,PS778,2:39,UR-GED,2:30 AM,2:59 AM,5:40 AM,Landed 5:38 AM
29 May 2018,KBP,TLV,PS777,2:52,UR-GED,4:30 PM,4:57 PM,7:40 PM,Landed 7:49 PM
29 May 2018,DEL,KBP,PS392,-,UR-GED,4:30 AM,â€”,12:20 PM,Unknown
29 May 2018,DEL,KBP,PS392,-,UR-GED,4:30 AM,â€”,12:20 PM,Unknown
28 May 2018,KBP,DEL,PS391,6:03,UR-GED,6:35 PM,6:46 PM,1:30 AM,Landed 12:49 AM
28 May 2018,BKK,KBP,PS272,10:17,UR-GED,5:30 AM,5:44 AM,4:35 PM,Landed 4:01 PM
27 May 2018,KBP,BKK,PS271,9:21,UR-GED,5:25 PM,5:33 PM,3:35 AM,Landed 2:55 AM
27 May 2018,BKK,KBP,PS272,-,UR-GED,4:25 AM,â€”,3:30 PM,Unknown
26 May 2018,KBP,BKK,PS271,9:36,UR-GED,4:25 PM,4:46 PM,2:35 AM,Landed 2:22 AM
26 May 2018,DEL,KBP,PS392,-,UR-GED,4:30 AM,â€”,12:20 PM,Unknown
25 May 2018,KBP,DEL,PS391,6:06,UR-GED,5:55 PM,6:15 PM,12:50 AM,Landed 12:22 AM
25 May 2018,TLV,KBP,PS776,2:39,UR-GED,11:35 AM,12:27 PM,2:45 PM,Landed 3:06 PM
25 May 2018,KBP,TLV,PS775,-,UR-GED,6:55 AM,7:11 AM,10:05 AM,Diverted to ADJ
24 May 2018,BKK,KBP,PS272,10:07,UR-GED,4:25 AM,4:54 AM,3:30 PM,Landed 3:01 PM
23 May 2018,KBP,BKK,PS271,9:57,UR-GED,4:25 PM,4:53 PM,2:35 AM,Landed 2:50 AM
23 May 2018,JFK,KBP,PS232,8:55,UR-GED,4:30 AM,4:42 AM,1:40 PM,Landed 1:37 PM
22 May 2018,KBP,JFK,PS231,9:36,UR-GED,8:35 AM,8:54 AM,6:20 PM,Landed 6:31 PM
22 May 2018,TLV,KBP,PS778,2:47,UR-GED,2:30 AM,2:53 AM,5:40 AM,Landed 5:40 AM
21 May 2018,KBP,TLV,PS777,2:45,UR-GED,4:30 PM,4:56 PM,7:40 PM,Landed 7:42 PM
21 May 2018,ATH,KBP,PS354,2:01,UR-GED,11:35 AM,12:32 PM,2:15 PM,Landed 2:33 PM
21 May 2018,KBP,ATH,PS353,2:16,UR-GED,7:50 AM,8:39 AM,10:35 AM,Landed 10:55 AM
20 May 2018,BKK,KBP,PS272,10:10,UR-GED,4:25 AM,4:51 AM,3:30 PM,Landed 3:01 PM
19 May 2018,KBP,BKK,PS271,9:40,UR-GED,4:25 PM,4:58 PM,2:35 AM,Landed 2:38 AM
19 May 2018,DEL,KBP,PS392,-,UR-GED,4:30 AM,â€”,12:20 PM,Landed 11:48 AM
18 May 2018,KBP,DEL,PS391,6:12,UR-GED,5:55 PM,6:13 PM,12:50 AM,Landed 12:25 AM
17 May 2018,BKK,KBP,PS272,10:16,UR-GED,4:25 AM,4:51 AM,3:30 PM,Landed 3:07 PM
16 May 2018,KBP,BKK,PS271,9:38,UR-GED,4:25 PM,4:34 PM,2:35 AM,Landed 2:13 AM
16 May 2018,CMB,KBP,PS388,-,UR-GED,4:35 AM,â€”,1:55 PM,Unknown
15 May 2018,KBP,CMB,PS387,8:13,UR-GED,6:00 PM,6:25 PM,2:35 AM,Landed 2:38 AM
15 May 2018,DEL,KBP,PS392,6:59,UR-GED,4:30 AM,5:01 AM,12:20 PM,Landed 12:00 PM
14 May 2018,KBP,DEL,PS391,6:04,UR-GED,5:55 PM,6:08 PM,12:50 AM,Landed 12:12 AM
14 May 2018,BKK,KBP,PS272,10:24,UR-GED,4:25 AM,4:53 AM,3:30 PM,Landed 3:17 PM
13 May 2018,KBP,BKK,PS271,9:41,UR-GED,4:25 PM,5:27 PM,2:35 AM,Landed 3:08 AM
13 May 2018,BKK,KBP,PS272,10:23,UR-GED,4:25 AM,4:47 AM,3:30 PM,Landed 3:10 PM
12 May 2018,KBP,BKK,PS271,9:40,UR-GED,4:25 PM,4:37 PM,2:35 AM,Landed 2:17 AM
12 May 2018,DEL,KBP,PS392,6:58,UR-GED,4:30 AM,5:17 AM,12:20 PM,Landed 12:15 PM
11 May 2018,KBP,DEL,PS391,6:09,UR-GED,5:55 PM,6:13 PM,12:50 AM,Landed 12:23 AM
11 May 2018,TLV,KBP,PS776,2:45,UR-GED,11:35 AM,12:44 PM,2:45 PM,Landed 3:29 PM
11 May 2018,KBP,TLV,PS775,2:43,UR-GED,6:55 AM,7:46 AM,10:05 AM,Landed 10:28 AM
11 May 2018,TLV,KBP,PS778,2:44,UR-GED,2:30 AM,3:16 AM,5:40 AM,Landed 6:00 AM
10 May 2018,KBP,TLV,PS777,2:48,UR-GED,4:30 PM,5:06 PM,7:40 PM,Landed 7:54 PM
09 May 2018,PEK,KBP,PS288,10:30,UR-GED,6:40 PM,7:11 PM,5:35 AM,Landed 5:42 AM
08 May 2018,PEK,KBP,PS288,10:33,UR-GED,6:40 PM,7:05 PM,5:35 AM,Landed 5:38 AM
08 May 2018,KBP,PEK,PS287,11:56,UR-GED,7:25 AM,7:55 AM,5:10 PM,Landed 7:51 PM
07 May 2018,PEK,KBP,PS288,10:21,UR-GED,6:40 PM,6:54 PM,5:35 AM,Landed 5:14 AM
07 May 2018,PEK,PEK,PS287,-,UR-GED,7:25 AM,7:38 AM,5:10 PM,Unknown
06 May 2018,PEK,KBP,PS288,10:01,UR-GED,6:40 PM,7:09 PM,5:35 AM,Landed 5:10 AM
06 May 2018,KBP,PEK,PS287,11:54,UR-GED,7:25 AM,7:57 AM,5:10 PM,Landed 7:51 PM
05 May 2018,DEL,KBP,PS392,-,UR-GED,4:30 AM,â€”,12:20 PM,Unknown
04 May 2018,KBP,DEL,PS391,6:12,UR-GED,5:55 PM,6:06 PM,12:50 AM,Landed 12:18 AM
03 May 2018,PEK,KBP,PS288,10:27,UR-GED,6:40 PM,7:25 PM,5:35 AM,Landed 5:51 AM
03 May 2018,KBP,PEK,PS287,11:55,UR-GED,7:25 AM,8:36 AM,5:10 PM,Landed 8:31 PM
02 May 2018,PEK,KBP,PS288,-,UR-GED,7:30 PM,â€”,6:25 AM,Landed 6:17 AM
02 May 2018,KBP,PEK,PS287,11:53,UR-GED,7:25 AM,8:56 AM,5:10 PM,Landed 8:49 PM
01 May 2018,PEK,KBP,PS288,-,UR-GED,6:40 PM,â€”,5:35 AM,Landed 6:45 AM
01 May 2018,KBP,PEK,PS287,11:52,UR-GED,7:25 AM,7:48 AM,5:10 PM,Landed 7:40 PM
01 May 2018,TBS,KBP,PS518,2:20,UR-GED,1:30 AM,2:04 AM,4:25 AM,Landed 4:24 AM
30 Apr 2018,KBP,TBS,PS517,2:30,UR-GED,6:10 PM,6:50 PM,8:55 PM,Landed 9:20 PM
30 Apr 2018,TLV,KBP,PS778,2:47,UR-GED,2:30 AM,2:56 AM,5:40 AM,Landed 5:43 AM
29 Apr 2018,KBP,TLV,PS777,2:50,UR-GED,4:30 PM,4:59 PM,7:40 PM,Landed 7:48 PM
29 Apr 2018,CMB,KBP,PS388,-,UR-GED,4:35 AM,â€”,1:55 PM,Landed 1:35 PM
29 Apr 2018,CMB,KBP,PS388,-,UR-GED,4:35 AM,â€”,1:55 PM,Unknown
28 Apr 2018,KBP,CMB,PS387,8:23,UR-GED,6:00 PM,6:10 PM,2:35 AM,Landed 2:34 AM
27 Apr 2018,PEK,KBP,PS288,10:07,UR-GED,6:40 PM,7:13 PM,5:35 AM,Landed 5:20 AM
27 Apr 2018,KBP,PEK,PS287,12:02,UR-GED,7:25 AM,7:38 AM,5:10 PM,Landed 7:40 PM
26 Apr 2018,PEK,KBP,PS288,10:02,UR-GED,6:40 PM,7:09 PM,5:35 AM,Landed 5:11 AM
26 Apr 2018,KBP,PEK,PS287,11:57,UR-GED,7:25 AM,7:45 AM,5:10 PM,Landed 7:42 PM
25 Apr 2018,PEK,KBP,PS288,-,UR-GED,6:40 PM,â€”,5:35 AM,Unknown
25 Apr 2018,KBP,PEK,PS287,11:51,UR-GED,7:25 AM,8:00 AM,5:10 PM,Landed 7:51 PM
24 Apr 2018,PEK,KBP,PS288,-,UR-GED,6:40 PM,â€”,5:35 AM,Landed 5:26 AM
23 Apr 2018,JFK,KBP,PS232,8:40,UR-GED,4:30 AM,4:55 AM,1:40 PM,Landed 1:35 PM
22 Apr 2018,KBP,JFK,PS233,9:42,UR-GED,4:10 PM,4:41 PM,2:30 AM,Landed 2:24 AM
22 Apr 2018,CMB,KBP,PS388,-,UR-GED,4:35 AM,â€”,1:55 PM,Landed 2:01 PM
22 Apr 2018,CMB,KBP,PS388,-,UR-GED,4:35 AM,â€”,1:55 PM,Unknown
21 Apr 2018,KBP,CMB,PS387,8:10,UR-GED,6:00 PM,6:14 PM,2:35 AM,Landed 2:24 AM
21 Apr 2018,JFK,KBP,PS232,8:19,UR-GED,4:30 AM,4:42 AM,1:40 PM,Landed 1:01 PM
20 Apr 2018,KBP,JFK,PS231,9:49,UR-GED,8:35 AM,8:51 AM,6:55 PM,Landed 6:40 PM
19 Apr 2018,PEK,KBP,PS288,-,UR-GED,6:40 PM,â€”,5:35 AM,Landed 5:59 AM
19 Apr 2018,KBP,PEK,PS287,11:41,UR-GED,7:25 AM,8:10 AM,5:10 PM,Landed 7:51 PM
18 Apr 2018,PEK,KBP,PS288,-,UR-GED,6:40 PM,â€”,5:35 AM,Landed 5:57 AM
18 Apr 2018,KBP,PEK,PS287,11:53,UR-GED,7:25 AM,7:53 AM,5:10 PM,Landed 7:46 PM
17 Apr 2018,JFK,KBP,PS232,8:24,UR-GED,4:30 AM,4:45 AM,1:40 PM,Landed 1:09 PM
16 Apr 2018,KBP,JFK,PS231,9:45,UR-GED,8:35 AM,8:44 AM,6:55 PM,Landed 6:29 PM
15 Apr 2018,PEK,KBP,PS288,-,UR-GED,6:40 PM,â€”,5:35 AM,Landed 5:24 AM
15 Apr 2018,KBP,PEK,PS287,11:33,UR-GED,7:25 AM,7:36 AM,5:10 PM,Landed 7:09 PM
14 Apr 2018,PEK,KBP,PS288,-,UR-GED,6:40 PM,â€”,5:35 AM,Landed 5:22 AM
14 Apr 2018,KBP,PEK,PS287,11:33,UR-GED,7:25 AM,7:49 AM,5:10 PM,Landed 7:22 PM
14 Apr 2018,OZH,KBP,PS86,-,UR-GED,3:30 AM,â€”,4:40 AM,Landed 4:23 AM
13 Apr 2018,JFK,KBP,PS232,9:03,UR-GED,4:30 AM,4:48 AM,1:40 PM,Landed 1:52 PM
12 Apr 2018,KBP,JFK,PS231,9:34,UR-GED,8:35 AM,9:05 AM,6:55 PM,Landed 6:38 PM
11 Apr 2018,PEK,KBP,PS288,-,UR-GED,6:40 PM,â€”,5:35 AM,Landed 5:27 AM
11 Apr 2018,KBP,PEK,PS287,9:20,UR-GED,7:25 AM,7:45 AM,5:10 PM,Landed 5:05 PM
11 Apr 2018,KBP,JFK,PS231,-,UR-GED,8:35 AM,10:51 AM,6:20 PM,Unknown
10 Apr 2018,PEK,KBP,PS288,-,UR-GED,6:40 PM,â€”,5:35 AM,Landed 5:51 AM
10 Apr 2018,KBP,PEK,PS287,11:45,UR-GED,7:25 AM,8:02 AM,5:10 PM,Landed 7:47 PM
10 Apr 2018,TLV,KBP,PS778,2:45,UR-GED,2:30 AM,2:59 AM,5:40 AM,Landed 5:44 AM
09 Apr 2018,KBP,TLV,PS777,2:44,UR-GED,4:30 PM,8:41 PM,7:40 PM,Landed 11:25 PM
09 Apr 2018,TLV,KBP,PS780,2:38,UR-GED,12:40 PM,1:44 PM,3:50 PM,Landed 4:22 PM
09 Apr 2018,KBP,TLV,PS779,2:53,UR-GED,8:00 AM,8:33 AM,11:10 AM,Landed 11:27 AM
08 Apr 2018,PEK,KBP,PS288,-,UR-GED,6:40 PM,â€”,5:35 AM,Landed 5:44 AM
08 Apr 2018,KBP,PEK,PS287,10:47,UR-GED,7:25 AM,7:49 AM,5:10 PM,Landed 6:37 PM
07 Apr 2018,PEK,KBP,PS288,-,UR-GED,6:40 PM,â€”,5:35 AM,Landed 5:32 AM
07 Apr 2018,KBP,PEK,PS287,10:44,UR-GED,7:25 AM,7:57 AM,5:10 PM,Landed 6:41 PM
06 Apr 2018,TLV,KBP,PS780,2:44,UR-GED,12:40 PM,1:22 PM,3:50 PM,Landed 4:06 PM
06 Apr 2018,KBP,TLV,PS779,2:50,UR-GED,8:00 AM,8:42 AM,11:10 AM,Landed 11:32 AM
05 Apr 2018,PEK,KBP,PS288,-,UR-GED,6:40 PM,â€”,5:35 AM,Landed 5:37 AM
05 Apr 2018,KBP,PEK,PS287,9:07,UR-GED,7:25 AM,8:05 AM,5:10 PM,Landed 5:12 PM
04 Apr 2018,CMB,KBP,PS388,-,UR-GED,4:35 AM,â€”,1:55 PM,Landed 2:04 PM
04 Apr 2018,CMB,KBP,PS388,-,UR-GED,4:35 AM,â€”,1:55 PM,Unknown
03 Apr 2018,KBP,CMB,PS387,8:05,UR-GED,6:00 PM,6:10 PM,2:35 AM,Landed 2:16 AM
03 Apr 2018,JFK,KBP,PS232,8:40,UR-GED,4:30 AM,4:42 AM,1:40 PM,Landed 1:22 PM
02 Apr 2018,KBP,JFK,PS231,9:47,UR-GED,8:35 AM,9:13 AM,6:55 PM,Landed 7:00 PM
02 Apr 2018,TLV,KBP,PS778,2:27,UR-GED,2:30 AM,4:38 AM,5:40 AM,Landed 7:06 AM
01 Apr 2018,KBP,TLV,PS777,2:59,UR-GED,4:30 PM,4:49 PM,7:40 PM,Landed 7:48 PM
01 Apr 2018,JFK,KBP,PS232,8:30,UR-GED,4:30 AM,4:43 AM,1:40 PM,Landed 1:13 PM
31 Mar 2018,KBP,JFK,PS231,10:06,UR-GED,8:35 AM,8:45 AM,6:55 PM,Landed 6:50 PM
31 Mar 2018,TLV,KBP,PS778,3:03,UR-GED,2:30 AM,3:10 AM,5:40 AM,Landed 6:13 AM
29 Mar 2018,PEK,KBP,PS288,11:15,UR-GED,7:50 PM,8:02 PM,7:15 AM,Landed 7:17 AM
